"","geoid","location","rpl_eji","e_ozone","e_pm","e_dslpm","e_totcr","e_npl","e_tri","e_tsd","e_rmp","e_coal","e_lead","e_park","e_houage","e_wlkind","e_rail","e_road","e_airprt","e_impwtr","ep_minrty","ep_pov200","ep_nohsdp","ep_unemp","ep_renter","ep_houbdn","ep_uninsur","ep_noint","ep_age65","ep_age17","ep_disabl","ep_limeng","ep_mobile","ep_groupq","ep_bphigh","ep_asthma","ep_cancer","ep_mhlth","ep_diabetes"
"1","44001030100","Census Tract 301, Bristol County, Rhode Island",0.1121,3,6.91,0.35,22.97,0,84.64,0,0,0,0,100,75.28,10.17,0,53.38,0,86.79,11,16.2769,4.5,2.2,13.5,27.0542,1.2,10.8,18.7,26.3,8.8,0,0,0,29.5,10,8.5,10.5,8.4
"2","44001030200","Census Tract 302, Bristol County, Rhode Island",0.0836,2.67,6.9,0.36,23.14,0,10.61,0,0,0,0,98.83,85.42,13.72,0,95.9,0,75.43,12.4,11.4487,3.8,3,19.5,15.8285,3.4,11.8,15.4,22.2,7.8,0.5,0,0,28.7,9.7,8,10.7,8
"3","44001030300","Census Tract 303, Bristol County, Rhode Island",0.1178,2.67,6.91,0.35,22.92,0,24.95,0,0,0,0,93.73,81.43,6.78,0,75.69,0,63.14,9.5,7.5744,1.7,3.5,9.9,15.4903,1.2,3.9,16.3,28.2,6.4,0.9,0,0.3,27.6,9.3,8.1,9.5,7.5
"4","44001030400","Census Tract 304, Bristol County, Rhode Island",0.1021,3.33,6.81,0.31,22.42,0,24.39,0,0,0,0,71.78,83.38,9.39,0,72.32,0,81.11,9.9,4.319,1.6,1.6,2.5,13.9551,0,2.5,15.3,29.4,7.3,0.4,0,0.4,27.9,9.2,8.6,9,7.4
"5","44001030500","Census Tract 305, Bristol County, Rhode Island",0.4809,3.33,6.8,0.33,22.45,0,100,0,0,0,0,0,90.58,17.33,0,100,0,52.03,6,38.4714,13.6,5.1,71.3,40.8364,2.2,19.1,14,16.3,17.5,0,0,0.5,27.7,11.8,6.2,16.8,9.3
"6","44001030601","Census Tract 306.01, Bristol County, Rhode Islan",0.3061,3,6.77,0.33,22.5,0,58.56,0,0,0,0,8.26,63.16,7.61,0,20.39,0,53.82,5.3,12.2807,7,2.7,22.4,27.045,3.1,9.8,22.4,19.2,12.1,0.5,0.5,1.9,31.2,10.5,8.1,12.7,9.1
"7","44001030602","Census Tract 306.02, Bristol County, Rhode Islan",0.4956,3,6.75,0.33,22.3,0,90.41,0,0,0,0,0,75.85,14.08,0,93.26,0,61.62,5.7,22.6783,12.9,4.1,40.7,27.1436,2.7,22.3,25.6,13.8,17.6,2,0,2.9,33.4,10.6,9.4,12.5,10.3
"8","44001030700","Census Tract 307, Bristol County, Rhode Island",0.3803,3.33,6.57,0.3,21.54,0,100,0,0,0,0,100,86.43,14.21,0,100,0,26.79,10.1,36.2544,13.9,8.1,69.3,38.2772,7,15.2,18.6,14.1,17.2,2.3,0,0.2,29.1,11.3,7.4,14.8,9
"9","44001030800","Census Tract 308, Bristol County, Rhode Island",0.3164,3.33,6.53,0.3,21.13,0,57.04,0,0,0,0,67.23,79.8,12.46,0,75.74,0,39.65,9,27.2727,16.2,2.9,37.8,33.2464,3.2,20.3,13.2,9,8.1,1,0,45.4,21.1,11.5,5,16.3,6.2
"10","44001030901","Census Tract 309.01, Bristol County, Rhode Islan",0.1199,3.33,6.63,0.3,21.52,0,82.12,0,0,0,0,12.94,59.63,11.17,0,18.04,0,52.94,6,12.4254,12.8,2.1,10.7,21.2626,1.2,11.7,22.3,17,8.5,2.5,0,3.3,29.3,10.4,7.4,13,8.7
"11","44001030902","Census Tract 309.02, Bristol County, Rhode Islan",0.1684,3.33,6.63,0.29,21.93,0,77.54,0,0,0,0,72.41,51.64,11.46,0,81.72,0,54.89,9.4,17.1101,9.6,2.9,24.7,29.1667,0.9,13.6,27.5,18.7,7.8,1.3,0,8.4,32.5,10.2,9.5,11.6,9.4
"12","44003020101","Census Tract 201.01, Kent County, Rhode Island",0.1731,2.33,6.41,0.42,23.73,0,100,0,0,0,0,0,37.45,11.28,0,91.64,0,60.18,14.9,19.5732,8.1,3.5,27.5,24.5797,2.9,8.3,17.9,18.1,9.9,2.5,0,0,32.1,11.1,7.3,13.2,9.3
"13","44003020102","Census Tract 201.02, Kent County, Rhode Island",0.2915,2.33,6.49,0.41,23.7,0,96.43,0,0,0,0,26.78,76.29,14.61,0,72.01,0,58.77,9.8,25.1363,4.1,0.9,35.1,33.5657,7.4,8.9,15.9,17.9,9.5,0.6,0,2.2,33.7,12.2,7,16.5,11.1
"14","44003020200","Census Tract 202, Kent County, Rhode Island",0.5117,2.33,6.52,0.39,23.88,0,100,0,0,0,0,88.23,83.62,12.28,50.51,9.61,0,66.95,20.6,38.3891,9.3,2.4,56.7,37.2247,4.5,26.4,14.9,19.9,18.1,1,0,0.4,33.9,12.3,6.8,16.7,10.8
"15","44003020300","Census Tract 203, Kent County, Rhode Island",0.6087,2.33,6.54,0.37,23.74,0,100,0,0,0,0,100,89.51,15.6,78.01,0,0,58.19,16.9,48.8844,13.2,2.8,71.1,52.4764,4,25.8,15,20.3,25.5,0.7,0,0.3,35.4,13.1,6.4,18.7,12
"16","44003020400","Census Tract 204, Kent County, Rhode Island",0.4243,2.33,6.61,0.35,23.82,0,99.81,0,0,0,0,88.2,82.88,13.44,100,0,0,38.5,12.3,25.1113,16.3,11.3,49.5,34.8267,2.4,14.7,12.7,18.8,13.6,1.2,0,0.3,32.6,12,6.8,15.8,9.9
"17","44003020500","Census Tract 205, Kent County, Rhode Island",0.7126,2.33,6.66,0.42,24.55,0,97.61,0,52.64,0,0,90.39,58.9,10.89,58.43,64.54,0,66.36,16.9,20.293,14,9.8,36.9,31.009,4,17.1,20.5,16,16,1.5,0,0.4,37,12,8.2,15.2,11.6
"18","44003020601","Census Tract 206.01, Kent County, Rhode Island",0.1495,2.33,6.5,0.3,22.8,0,61.2,0,0,0,0,54.46,61.57,6.75,47.51,0,0,49.42,8.2,12.8456,8.1,6.4,21.9,20.5333,3.8,4,12.2,22.5,12.3,0.1,0,2.7,31.1,11.3,7,13.9,9
"19","44003020602","Census Tract 206.02, Kent County, Rhode Island",0.6568,2.33,6.36,0.32,23.86,0,95.83,0,0,0,0,0,65.23,12.08,0,0,0,68.89,10.3,29.4032,13.9,2.2,22,37.6261,7.4,13.4,23.2,14.9,20.4,1,21,0.2,36,12.4,7.9,15.9,11.7
"20","44003020603","Census Tract 206.03, Kent County, Rhode Island",0.6097,2.33,6.32,0.34,22.15,0,90.61,0,0,0,0,0,70.52,10.78,0,54.54,0,69.15,8.1,23.8926,9.6,7.5,28.1,29.4516,2.7,16.3,20.5,16.6,22.2,1.9,4.3,0.1,35.5,11.6,8,14.2,10.9
"21","44003020604","Census Tract 206.04, Kent County, Rhode Island",0.4508,2.33,6.44,0.35,23.35,0,93.21,0,0,0,0,17.65,91.15,11.5,0,0,0,68.97,9.1,29.2692,8.4,2.5,46.1,28.981,2.9,12.9,15.8,21.2,17.7,1.5,0,0.1,34.9,11.9,7.5,15.3,10.6
"22","44003020701","Census Tract 207.01, Kent County, Rhode Island",0.2367,2.67,6.12,0.18,20.15,12.68,6.92,0,0,0,0,20.51,49.59,3.83,6.71,0,0,45.33,8.6,17.573,12.8,1.6,2.8,32.3529,3.1,15.4,17.6,18.7,15.5,1.3,0,1.9,33,11.6,7.2,14,9.5
"23","44003020702","Census Tract 207.02, Kent County, Rhode Island",0.2647,2.33,6.19,0.17,20.69,1.36,8.71,0,0,0,0,0,49.33,4.5,0,0.16,0,28.61,2.1,13.2323,5.8,2,8.6,17.0975,1.9,9.2,19.5,20.4,12.3,0,7,1.3,34.5,11.1,7.8,13.1,9.8
"24","44003020703","Census Tract 207.03, Kent County, Rhode Island",0.1914,2.33,6.33,0.23,22.22,0,18.98,0,0,0,0,0,59.96,8.22,0,5.79,0,41.85,2.4,11.5066,6.8,4.3,11.6,16.8031,1.1,11.3,15.6,20,8.4,0.3,5.7,2.4,34.4,11.2,8.2,12.8,10
"25","44003020800","Census Tract 208, Kent County, Rhode Island",0.122,2.67,5.97,0.22,21.49,0.05,4.26,0,0,0,0,49.54,31.76,6.06,0,30.59,0,48.28,10.8,7.6352,4.4,2.7,17.9,16.844,2,4.1,15.3,19.8,7.6,1.3,4.9,0.5,30.3,10.8,6.7,12.3,8.2
"26","44003020901","Census Tract 209.01, Kent County, Rhode Island",0.3157,3,6.42,0.41,23.67,0,3.55,0,0,0,0,94.52,85.32,16.29,100,100,0,59.62,10.3,15.1815,2.5,4.7,45.6,22.0129,2.4,16.7,14.7,20.2,9.2,0.8,0,0.3,33.3,10.8,8.3,12,9.3
"27","44003020903","Census Tract 209.03, Kent County, Rhode Island",0.4602,2.67,6.25,0.34,22.47,0.57,47.13,0,0,0,0,12.39,36.46,7.83,3.42,63.62,0,85.52,16.3,12.0624,4.4,5.2,9.1,14.9595,2.4,9.9,17,29.1,9.6,1.2,3.3,0.5,32.6,10.4,7.9,10.9,9.5
"28","44003020904","Census Tract 209.04, Kent County, Rhode Island",0.5022,2.67,6.34,0.44,23.38,10.78,66.1,0,0,0,0,52.02,71.35,9.83,63.34,100,0,72.26,11.4,6.6767,3.4,1.7,15.5,20.8431,0,10.6,20.8,26.5,13.7,1,0,0.5,35.8,9.8,10.2,9.3,9.3
"29","44003021001","Census Tract 210.01, Kent County, Rhode Island",0.5638,2.33,6.97,0.49,25.75,0,100,96.58,44.12,0,0,100,90.36,13.25,100,100,0,79.92,11.9,24.6269,11.8,5.2,18.4,28.9109,5.3,13.8,15.9,21.5,11.6,2.2,0,0,33.5,11.6,7.3,14,9.8
"30","44003021002","Census Tract 210.02, Kent County, Rhode Island",0.5079,2.33,6.97,0.45,25.72,0,96.44,34.03,0,0,0,100,87.07,14.25,53.24,84.91,0,85.78,10.1,21.1706,3.9,1.4,28.9,24.4021,2.1,17.9,18.8,13.8,17.3,0.2,0,0.8,34.6,11.1,8.2,12.6,9.9
"31","44003021100","Census Tract 211, Kent County, Rhode Island",0.6116,2.33,6.89,0.63,27.15,0,100,9.84,53.31,0,0,20.01,84.54,15.17,95.27,98.68,60.24,82.55,8.5,20.4467,5.4,2.9,30.3,25.6223,5.5,22.1,15.7,22.1,17.5,0.8,0,0.1,32.7,11.3,7.4,14.1,9.5
"32","44003021200","Census Tract 212, Kent County, Rhode Island",0.7055,2.33,6.91,0.47,26.03,0,94.66,15.24,0,0,0,86.64,90.72,15.22,51.72,99.36,52.84,85.59,24.3,19.8937,8.2,3.9,27.5,30.1261,0.6,11.6,18.8,17.6,14.9,0,0,0.3,35.8,11.9,7.8,15,11.4
"33","44003021300","Census Tract 213, Kent County, Rhode Island",0.5454,2.33,6.89,0.41,25.33,0,20.27,0,0,0,0,72.2,98.67,12.79,0,14.83,19.6,87.18,6.7,15.7712,3.3,7,9.7,28.8707,1.4,12.5,23.8,14.8,12.2,0.8,1.3,0.4,36.5,11.3,8.6,13,10.9
"34","44003021401","Census Tract 214.01, Kent County, Rhode Island",0.4314,2.67,6.79,0.43,25.71,0,77.29,0,0,0,0,1.75,90.28,14.83,0,6.48,100,80.78,9.5,17.1503,3.9,6.5,10,22.3693,6.5,9,15.6,19.3,11.9,1.1,0,0.6,33.2,11.3,7.6,13.7,9.8
"35","44003021402","Census Tract 214.02, Kent County, Rhode Island",0.2439,2.67,6.81,0.41,24.81,0,10.3,0,0,0,0,0,73.99,12.72,0,0,53.43,80.66,14.8,17.5285,8,2.4,24.9,30.148,1,7.1,15.4,22.4,12.6,0.2,0,0.7,33.6,11.9,7.4,15,11.2
"36","44003021501","Census Tract 215.01, Kent County, Rhode Island",0.0945,3.33,6.78,0.36,23.78,0,0,0,0,0,0,67.12,84.89,15.04,0,0,0,81.44,6.2,26.9032,5.5,6.2,31.1,34.8819,1,9.9,17.2,16.3,14.9,0,0,0.8,32.5,11.7,6.9,14.6,9.8
"37","44003021502","Census Tract 215.02, Kent County, Rhode Island",0.0711,3.33,6.7,0.32,22.71,0,0,0,0,0,0,95.31,79.58,12.29,0,0,0,75.94,12.2,14.8849,7,6.1,14.8,29.1988,3.9,13.5,14.6,16.8,14.7,0,0,0.3,32.4,11.5,6.8,14.4,9.3
"38","44003021600","Census Tract 216, Kent County, Rhode Island",0.178,3.33,6.61,0.31,22.57,0,0,0,0,0,0,72.29,69.13,9.5,0,0,0,70.6,9.6,6.3882,4.8,2,10.2,14.2633,1.9,3.4,24.6,14.5,10.4,0,0,0.4,35,10.5,8.7,11.1,9.9
"39","44003021700","Census Tract 217, Kent County, Rhode Island",0.4341,3.33,6.67,0.34,24.1,0,4.25,0,0,0,0,99.21,84.46,13.27,0,0,19.49,55.37,18.5,25.5515,15.9,2.5,26.8,28.5944,5.9,12.2,16,19,18,4.6,0.5,0.3,34.1,12.4,6.8,16.3,10.8
"40","44003021800","Census Tract 218, Kent County, Rhode Island",0.2031,3.33,6.74,0.39,24.82,0,7.24,0,0,0,0,32.63,66.7,15.08,0,0,47.37,80.32,13,17.8465,9.1,1.9,35.7,24.5075,5.8,11.7,18.7,17,15.8,0.8,0,0.1,32.6,11.5,7.2,14.4,9.5
"41","44003021901","Census Tract 219.01, Kent County, Rhode Island",0.5013,2.33,6.69,0.52,25.69,0,100,0,0,0,0,23.94,85.44,14.29,95.44,96.43,100,55.33,11.7,12.9791,5.4,1.2,16.6,30.9453,2.1,10.9,16.9,21.7,11.5,1.1,0,0,32.9,11.3,7.5,14.1,10
"42","44003021902","Census Tract 219.02, Kent County, Rhode Island",0.7177,2.67,6.73,0.43,25.15,0,99.99,0,0,0,0,66.32,89.13,12.22,27.11,41.16,100,72.48,16.7,11.5103,14.1,3.5,29.4,33.7288,11.3,16.9,17.7,21.6,11.9,1.3,0,0.5,34.9,11.4,8.1,14.1,10.4
"43","44003021903","Census Tract 219.03, Kent County, Rhode Island",0.5251,2.67,6.65,0.35,24.5,0,31.17,0,0,0,0,97.49,87.05,12.61,10.39,11.67,34.92,54.98,14.2,13.0435,6.8,5.7,15.3,22.4924,2.7,11.9,26.1,16.1,17.7,1.4,0,0.2,35,11.1,8.5,12.5,10.1
"44","44003022000","Census Tract 220, Kent County, Rhode Island",0.4872,2.67,6.61,0.41,24.47,0,60.91,0,0,0,0,36.65,80.51,15.61,92.38,89.97,12.43,54.98,5.7,18.9261,6.5,2.5,29.7,27.2059,3.3,8.2,18.2,16.7,14.1,0.2,0,3.1,34.7,11.2,8,13.7,10.4
"45","44003022100","Census Tract 221, Kent County, Rhode Island",0.7347,2.33,6.71,0.68,26.01,0,93.38,0,28.63,0,0,21.63,80.79,13.71,65.79,100,46.41,63,11.2,18.8183,9.1,1.3,12.1,32.2552,0.4,13.5,24.6,18.8,15,0.9,0,3.2,38.8,11.2,9.6,12.7,11.3
"46","44003022201","Census Tract 222.01, Kent County, Rhode Island",0.4059,2.33,6.52,0.51,24.61,0,40.93,0,0,0,0,15.31,71.3,8.83,62.98,100,0,54.98,12.3,16.8841,3.2,3.4,32.7,28.2676,5.2,9.9,19.5,17.4,10.7,0.2,0,0.1,32,10.5,7.8,11.3,9
"47","44003022202","Census Tract 222.02, Kent County, Rhode Island",0.6763,2.33,6.53,0.53,24.58,0,46.91,0,0,0,0,0.28,43.37,10,0,100,0,54.98,19.5,21.599,10.7,3.1,76.4,34.5201,1.4,17.2,32.3,12.7,23.9,0.1,0,2.7,41.1,10.9,10.7,11.8,12.5
"48","44003022300","Census Tract 223, Kent County, Rhode Island",0.9101,2.33,6.66,0.58,25.24,0,90.04,0,50.09,0,0,75.48,66.87,13.54,15.45,99.88,4.67,66.45,14.2,34.0251,12.7,4.9,59.3,36.6423,4.4,26.5,25.9,16.9,27.5,0.7,4.2,0.1,39.5,11.6,9.2,14.2,12.9
"49","44003022400","Census Tract 224, Kent County, Rhode Island",0.2989,3.33,6.43,0.36,23.3,0,14.7,0,0,0,0,99.65,84.85,7.67,70.96,65.31,0,63.96,3.5,12.7255,4.9,4.3,17.2,27.5468,2.7,4.8,22.6,13.9,15.7,0.3,0,0,34,11,8.3,12.4,9.8
"50","44005040101","Census Tract 401.01, Newport County, Rhode Islan",0.3351,2.67,6.4,0.32,20.12,0,9.05,0,0,0,0,0,60.88,8.89,0,99.08,0,78.36,9.2,14.2765,4.9,4.6,18.3,20.6915,2.2,10.3,20.4,16.7,13.9,0,8.4,4.4,28.7,10.5,7.6,12.1,8.1
"51","44005040102","Census Tract 401.02, Newport County, Rhode Islan",0.1678,3.33,6.17,0.28,19.18,0,39.47,0,0,0,0,35.08,59,10.44,0,20.97,3.36,93.46,6.1,8.3767,3.4,1.4,23.8,24.5102,0.8,7.9,23.4,21.1,8.9,0,0.8,0.1,29.9,10.1,8.6,10.6,8.3
"52","44005040103","Census Tract 401.03, Newport County, Rhode Islan",0.4465,3.67,6.28,0.28,19.51,10.05,49.12,0,16.23,0,0,26.98,57.7,8.97,0,51.83,3.5,22.5,8.5,12.9499,6.6,0.4,24.5,22.494,0.8,15.4,23,21.3,12.3,0,1.6,1.4,31.8,10.2,8.9,10.8,8.9
"53","44005040200","Census Tract 402, Newport County, Rhode Island",0.7136,3.67,6.07,0.34,20.74,0.58,82.51,0,30.72,0,0,55.12,61.8,9.92,0,93.74,17.08,3.39,39.8,49.3249,8.3,6.2,100,56.7468,13.7,7.6,4.8,22.6,8.8,5,0,0,20,11,3.4,15.7,5.6
"54","44005040302","Census Tract 403.02, Newport County, Rhode Islan",0.6631,3.33,6.02,0.6,20.82,0,47.22,0,72.81,0,0,100,85.16,14.92,0,100,9.88,34.15,23.4,16.0708,7.7,1.5,24.7,30.9287,9.5,16.2,26.4,17.7,16.4,4.1,6,0.2,33.4,10.5,9.6,11.7,10.1
"55","44005040303","Census Tract 403.03, Newport County, Rhode Islan",0.5845,3.67,6.1,0.34,19.67,26.49,48.89,0,8.62,0,0,4.48,57.74,8.67,0,100,61.8,2.1,37.8,28.4615,6.5,6.3,60.9,30.7475,6.2,8.5,10.9,26,12.8,0,0,0.7,30.2,11.1,6.9,13.6,9.3
"56","44005040304","Census Tract 403.04, Newport County, Rhode Islan",0.7521,3.67,6.08,0.41,20.59,1.85,92.87,0,1.44,0,0,4.75,57.89,11.92,0,92.64,99.23,34.49,12.2,17.6694,10,3.5,50.3,34.1335,1.7,23.6,17.6,18.2,16,3.3,4.9,1.9,30.8,10.7,7.9,12.5,8.8
"57","44005040400","Census Tract 404, Newport County, Rhode Island",0.3977,3.33,6.02,0.37,20.06,0,5.43,0,13.41,0,0,76.23,64.59,8.44,0,11.75,19.56,92.27,7.3,18.8432,3.9,3,32.6,23.0008,0.6,17.7,26.9,12.8,13.3,0.7,1.9,3.3,32.2,10,9.5,10.6,9.3
"58","44005040500","Census Tract 405, Newport County, Rhode Island",0.6132,3.33,6,0.57,20.67,0,84.71,0,91.17,0,0,100,56.41,15.11,0,100,0,3.23,43.9,46.1372,14,3.7,66.7,32.5792,10,14.5,14.7,25.6,22.2,6.1,0,0.1,30.9,12.8,6.3,16.7,10.6
"59","44005040600","Census Tract 406, Newport County, Rhode Island",0.3432,3.33,5.98,0.79,20.92,0,29.12,0,92.58,0,0,100,95.29,16.29,0,100,0,13.69,26.5,35.4193,3.3,4.4,61.6,38.9293,6,19.4,19.3,12.1,7,0,0,0.3,28.9,10.8,6.9,13.2,9
"60","44005040700","Census Tract 407, Newport County, Rhode Island",0.3616,3.33,5.97,0.68,20.5,0,21.86,0,97.03,0,0,100,90.07,15.11,0,56.75,0,33.92,10.8,14.7977,4.7,5.3,40.6,31.8644,9.3,9.3,20.4,14.1,7.6,4.1,1.3,0.5,29.4,10.2,8.2,11.3,8.3
"61","44005040800","Census Tract 408, Newport County, Rhode Island",0.4499,3.33,5.94,0.58,20.01,0,93.42,0,33.58,0,0,100,87.87,16.61,0,0.01,0,24.41,18,19.7571,6.3,5.4,60.9,31.5567,5,22.8,27.2,13.6,13.7,0,0,8.3,30.6,10.4,8.4,11.5,8.5
"62","44005040900","Census Tract 409, Newport County, Rhode Island",0.1319,3.33,5.9,0.38,19.33,0,22.86,0,0,0,0,97.07,80.56,12.13,0,0,0,21.42,11.8,22.8973,2.2,5.9,46.3,22.3086,5.6,12,20.1,10.7,7.6,2.6,0,24.8,23.6,10.7,6.6,12.7,6.4
"63","44005041000","Census Tract 410, Newport County, Rhode Island",0.329,3.33,5.94,1.06,20.41,0,100,0,0.8,0,0,100,82.86,18.17,0,28.87,0,1.53,9.8,35.8577,6.1,3.7,64,25.6825,3.2,21.9,21.3,3.9,16.1,1.1,0,3.8,24.4,10.9,5.8,14,7.2
"64","44005041100","Census Tract 411, Newport County, Rhode Island",0.3232,3.33,5.96,0.49,20.2,0,50.35,0,10.92,0,0,95.37,89.5,14.28,0,96.91,0,1.53,11.9,26.003,0.6,2.3,47.8,30.2198,4,10,30.8,10.8,16.6,0.5,0,0,32.3,10.8,8.6,12.2,10
"65","44005041200","Census Tract 412, Newport County, Rhode Island",0.3388,3.67,6.01,0.32,19.23,0,99.86,0,99.99,0,0,100,78.98,14.17,0,91.91,0,1.53,35.2,45.4902,6.5,19.4,100,38.8889,12.3,11.9,0.7,12,15.1,0.5,0,68.1,15.3,9.5,2.2,13.1,3.7
"66","44005041300","Census Tract 413, Newport County, Rhode Island",0.0467,4,5.98,0.28,19.31,0,0,0,0,0,0,62.04,56.18,10.33,0,39.33,0,25.08,10.1,6.68,2.8,4.5,17.1,15.7323,2.8,8.7,25.5,19.4,9.8,1,0,0.2,31.4,9.8,9.3,9.7,8.6
"67","44005041400","Census Tract 414, Newport County, Rhode Island",0.0534,3,6.04,0.25,18.13,0,0,0,0,0,0,0,64.35,6.83,0,0,0,64.97,2,11.7226,2.6,2.7,18.7,20.6278,2.2,11.3,32.4,13.5,13.8,0,1,0,33.7,10.1,9.7,10.6,9.5
"68","44005041601","Census Tract 416.01, Newport County, Rhode Islan",0.5615,2.33,6.49,0.31,20.95,0,69.71,0,0,0,0,0.33,83.99,10.83,83.25,27.17,0,55.82,7,36.7553,11.4,6.8,43.5,39.318,4,20.4,18.2,20.5,13.2,2.4,0.6,0,31.2,11.4,7.8,14.8,9.9
"69","44005041602","Census Tract 416.02, Newport County, Rhode Islan",0.2713,2.67,6.42,0.33,20.41,0,0,0,3.68,0,0,0,67.13,8.58,0.05,87.07,0,81.76,9.4,12.6007,4.3,6.1,19,25.5864,1.7,15,27.8,17.1,15.4,0,0,0.9,32.7,10.2,9.5,11.1,9.1
"70","44005041701","Census Tract 417.01, Newport County, Rhode Islan",0.3888,2,6.41,0.31,20.51,0,3.2,0,39.97,0,0,0,38.13,7.83,0,54.03,0,65.85,6.8,13.6324,8.9,5.2,17.8,25.224,3.8,13.5,26.8,14.2,9.4,0.6,2.8,0.2,33.1,10.4,9.4,11.3,9.4
"71","44005041702","Census Tract 417.02, Newport County, Rhode Islan",0.1293,2.67,6.23,0.24,19.23,0,0,0,0,0,0,17.23,49.8,5.94,0,0,0,84.05,1.2,14.4667,10.4,6.3,12.4,15.9003,0.3,3.5,22.3,17.6,7.1,0,9,0.2,30.6,10.5,8.1,12.2,8.8
"72","44007000101","Census Tract 1.01, Providence County, Rhode Isla",0.8648,2.33,7.14,0.68,27.46,0,100,36.62,100,0,0,100,92.44,15.38,100,90.91,0,87.18,66.4,58.1754,20,14.4,61.1,53.3537,5,21.7,6.6,19.9,12.6,9,0,14,25.1,13.3,3.6,17.9,9.1
"73","44007000102","Census Tract 1.02, Providence County, Rhode Isla",0.9675,2.33,7.1,0.71,28.29,0,100,32.61,41.61,0,0,100,95.66,15.88,100,100,0,81.72,80.2,47.5,19.3,10.7,53.1,55.0223,5.3,17.3,12.5,23,19,17.3,0,0.1,35.1,12.7,5.1,15.9,14.7
"74","44007000200","Census Tract 2, Providence County, Rhode Island",0.891,2.33,7.15,0.89,28.37,0,100,25.33,37.9,0,0,100,93.31,14.7,100,100,0,80.85,91,59.9404,20,11.9,64.4,48.9362,8.8,12.9,8.8,27.8,17.7,23.6,0,0.6,33.8,12.1,4.8,15.4,14.4
"75","44007000300","Census Tract 3, Providence County, Rhode Island",0.9893,2.33,7.2,0.92,29.67,0,100,17.6,1.85,0,0,100,92.35,16.03,100,100,0,82.08,87.3,50.2665,27.7,9.5,74.3,34.2604,16.1,35.4,11.3,25.4,17.2,26.5,0,1.7,34.9,13.5,4.3,18.3,16
"76","44007000400","Census Tract 4, Providence County, Rhode Island",0.9512,2.33,7.22,0.93,28.81,0,100,100,61.42,0,0,100,74.08,16.21,99.87,100,0,87.02,95.9,69.9144,25.1,6.2,72.9,57.2023,13.2,25.4,9.7,31.6,14.1,20.2,0,1.5,33.5,14,3.9,19,15.8
"77","44007000500","Census Tract 5, Providence County, Rhode Island",0.9827,2.33,7.18,0.83,28.19,0,100,100,100,0,0,100,69.81,16.67,100,100,0,87.18,98.7,66.6464,38.4,16.9,67.3,52.5439,14.3,21.4,12.3,28.1,13.6,23.6,0,0,35.1,14,4.4,18.2,15.8
"78","44007000600","Census Tract 6, Providence County, Rhode Island",0.9899,2.33,7.23,0.93,28.76,0,100,98.9,74.88,0,0,100,76.45,16.33,99.52,100,0,87.18,82.9,58.3112,22.1,13.1,58.9,45.8491,8.6,33.8,14.9,33.1,10.1,12.9,0,12.1,34.9,13,5.8,15.7,12.6
"79","44007000700","Census Tract 7, Providence County, Rhode Island",0.9824,2.33,7.27,1.01,29.46,0,100,59.09,0.88,0,0,100,62.71,17,80.97,100,0,87.18,89.8,59.1906,35.5,9.7,86.8,42.1892,3.4,46.4,14.4,24,25.9,16.8,0,6.8,39.9,15.2,5.3,19.6,18.2
"80","44007000800","Census Tract 8, Providence County, Rhode Island",0.758,2.33,7.34,1.16,31.46,0,100,0,0,0,0,100,67.45,18.78,100,100,0,87.46,49.4,49.9463,14.2,12.2,87.4,33.3675,5,29.2,11.3,3.5,18.7,6.3,0,39.7,22.5,12.7,3.5,17,7.7
"81","44007000900","Census Tract 9, Providence County, Rhode Island",0.8117,2.33,7.33,1.13,30.82,0,100,0,0,0,0,100,87.48,16.42,100,100,0,86.33,38.2,56.0867,28.2,8.8,83.5,47.0103,4.6,26.9,29.1,10.3,13.9,8.2,0,29.9,27.6,12.9,4.8,17.5,10.2
"82","44007001000","Census Tract 10, Providence County, Rhode Island",0.7616,2.33,7.27,1,29.89,0,100,0,0,0,0,100,87.12,15.83,100,100,0,86.04,64,66.6989,11,11.5,80.6,37.734,13.2,25.1,11.8,23.4,10.1,16.6,0,0,30.9,12.7,4.6,17.1,11.7
"83","44007001100","Census Tract 11, Providence County, Rhode Island",0.6974,2.33,7.3,1.08,29.42,0,100,0,0,0,0,100,79.17,17.44,100,100,0,87.14,39.2,49.255,11.9,6.9,85.3,30.406,13.9,22.5,7.1,11,12.8,6,0,0.2,23.9,11.7,3.7,15.5,7.3
"84","44007001200","Census Tract 12, Providence County, Rhode Island",0.8733,2.33,7.26,0.97,28.99,0,100,0,0,0,0,100,83.21,16.61,100,100,0,86.77,82.4,59.1595,27.9,7.5,81,44.5156,7.5,26.7,7.5,31.4,15.3,16.8,0,2.8,33.6,13.5,4.4,18.1,15.2
"85","44007001300","Census Tract 13, Providence County, Rhode Island",0.7996,2.33,7.24,0.91,28.92,0,100,0,0,0,0,100,85.47,14.79,100,100,0,86.03,71.1,49.3306,33.8,1.7,69.7,29.9786,13.2,33.7,14.7,20.3,14.8,19.9,0.8,1.2,29.7,12.4,4,17,11.1
"86","44007001400","Census Tract 14, Providence County, Rhode Island",0.8772,2.33,7.2,0.9,28.94,0,100,0,0,0,0,100,75.39,14.87,100,100,0,84.15,92.9,64.3708,43.4,8.4,86.8,41.0871,10.8,24.5,7.8,31.8,18.1,22.8,0,1.5,30.6,12,3.7,16.7,13.6
"87","44007001500","Census Tract 15, Providence County, Rhode Island",0.6215,2.33,7.13,0.89,28.3,0,100,0,0,0,0,100,96.53,15.61,100,100,0,79.92,76,34.0734,18.4,6.3,38.2,30.4217,7.7,19.2,9.1,21.4,13,13.7,0,0.2,30.3,11.4,5,13.5,11.6
"88","44007001600","Census Tract 16, Providence County, Rhode Island",0.8244,2.33,7.2,0.82,27.83,0,100,0,0,0,0,100,84.5,15.19,100,100,0,86.03,90.5,39.4055,24.3,6.1,58.6,47.2742,12.1,21.1,4.9,24.9,9.8,26,0,0.2,29.3,12.1,3.8,17.3,12.5
"89","44007001700","Census Tract 17, Providence County, Rhode Island",0.8037,2.33,7.15,0.63,28.69,0,100,0,6.92,0,0,100,91.95,15.56,78.27,89.55,0,84.11,83.8,47.2326,33.3,5.9,52.2,41.6795,11.3,22.5,7.3,28.6,9.9,25.9,0,0.2,31.8,12.3,4.8,16.7,11.7
"90","44007001800","Census Tract 18, Providence County, Rhode Island",0.8358,2.33,7.18,0.57,27.37,0,99.98,0,0,0,0,100,88.04,14.22,33.35,94.8,0,85.67,84.2,55.0653,21.2,16.5,63.5,40.5367,11.7,25.1,7.9,29.3,15.1,13.5,0.8,0,32.2,12.8,4.5,17.9,14
"91","44007001900","Census Tract 19, Providence County, Rhode Island",0.8831,2.33,7.25,0.87,28.13,0,100,0,0,0,0,100,89.14,15.67,100,100,0,86.03,79.3,50.3232,23.8,14.9,86.3,44.2623,6.9,35.7,9.5,26.1,15.2,21.2,0.6,0.8,31.5,12.8,4,18.1,13
"92","44007002000","Census Tract 20, Providence County, Rhode Island",0.7182,2,7.22,0.52,26.45,0,100,0,0,0,0,100,76.16,15.42,3.94,98.85,0,86.03,69.3,52.2967,21.1,11.5,64.1,42.5333,6.9,32.6,9,30.6,11.6,5.6,0,15.8,27.4,13.5,4.4,18,10.3
"93","44007002101","Census Tract 21.01, Providence County, Rhode Isl",0.5173,2,7.29,0.67,27.45,0,99.32,0,0,0,0,100,93.28,15.06,22.04,100,0,86.03,60.1,28.2985,14.9,4.4,41.2,36.078,7.2,13.9,13.3,18.7,11.9,12.2,0,0.2,31.4,11.9,6,13.8,10.4
"94","44007002102","Census Tract 21.02, Providence County, Rhode Isl",0.6818,2.33,7.26,0.72,27.29,0,100,0,0,0,0,100,89.24,14.7,80.87,100,0,86.03,78.5,33.442,15,4.3,50,38.0859,5.3,15.5,11.3,27.1,11.2,7.9,0,0.1,29.6,12.1,4.5,15.5,10.8
"95","44007002200","Census Tract 22, Providence County, Rhode Island",0.8005,2.33,7.31,1.06,34.51,0,100,0,0,0,0,100,91.13,14.96,100,100,0,86.03,89.6,61.3641,16.2,7.2,79.4,52.2599,7.7,12.6,3.6,35.1,10.9,12.4,0,0.4,29.5,13,3.6,18.5,12.1
"96","44007002300","Census Tract 23, Providence County, Rhode Island",0.5256,2,7.33,1,31.87,0,100,0,0,0,0,100,90.78,14,72.9,100,0,86.31,35.8,27.0919,8.3,0.9,42.2,35.5664,3.4,21.1,20.1,14,12.2,0.9,0,4,28.3,11.7,6.2,13.8,8.9
"97","44007002400","Census Tract 24, Providence County, Rhode Island",0.3944,2,7.29,0.63,28.07,0,87.77,0,0,0,0,100,88.24,14.75,4.31,100,0,88.32,35,23.7021,8.8,3.8,29.8,34.7413,3.2,12.7,11.6,13.3,13.5,2.8,0,26.9,24.9,12.2,5.5,14.9,7.5
"98","44007002500","Census Tract 25, Providence County, Rhode Island",0.4965,2.33,7.35,1.13,33.5,0,100,0,0,0,0,100,82.44,15.92,100,100,0,86.03,55.3,36.8673,6.5,4.3,77.2,32.8614,4.5,12.6,6.9,13.7,8.8,5,0,0.2,23.8,10.7,3.9,13.1,7.6
"99","44007002600","Census Tract 26, Providence County, Rhode Island",0.9345,2,7.38,1.15,32.83,0,100,0,0,0,0,100,87.54,16.67,100,100,0,93.16,88.8,58.4686,21.2,17.6,78.7,38.2579,6.9,29.1,16.8,26.8,18.7,15.6,0,0,35.7,13.3,4.8,18,15.2
"100","44007002700","Census Tract 27, Providence County, Rhode Island",0.8139,2,7.36,1.1,31.81,0,100,0,0,0,0,100,82.39,16.46,100,100,0,99.97,71.5,63.1389,17.5,13.3,75.6,45.0416,4.1,15.7,7.1,27.8,16.3,10,0,17.8,27.1,14,3.7,19.7,10.3
"101","44007002800","Census Tract 28, Providence County, Rhode Island",0.7348,2,7.33,0.82,29.27,0,100,0,0,0,0,100,77.93,15.83,21.52,100,0,100,82.3,48.0063,13.2,8.5,62,36.4211,8.1,14.8,8.1,29.8,15.4,5.8,0,0.3,33.5,13.1,5.7,16.2,12
"102","44007002900","Census Tract 29, Providence County, Rhode Island",0.8816,2,7.36,1.01,29.49,0,100,0,52.94,0,0,100,80.72,15,99.59,100,0,100,73.7,45.1934,13.1,5,60.2,38.3814,6.9,23.4,10.8,27.7,12.8,11.9,0,0.3,34.5,13,6,16.4,12.4
"103","44007003100","Census Tract 31, Providence County, Rhode Island",0.7103,2,7.36,1.16,30.73,0,100,0,0,0,0,100,88.36,15.53,100,100,0,99.18,41.2,46.382,19.5,5.3,78.3,41.3023,5,30.4,18.3,14,15.2,3.8,0,5.9,33.5,12.3,6.8,14.1,11.3
"104","44007003200","Census Tract 32, Providence County, Rhode Island",0.3333,2,7.35,1.09,29.39,0,100,0,0,0,0,100,90.72,15.75,88.26,100,0,89,28.8,24.3643,4,5,54,29.2857,1.3,5.6,12.1,23.2,6.5,0,0,0,26.9,11.3,5.5,12.1,7.9
"105","44007003300","Census Tract 33, Providence County, Rhode Island",0.5568,2,7.35,0.97,28.82,0,100,0,77.05,0,0,100,90.01,16.46,100,100,0,93.07,23.5,18.0602,8,4,37.1,27.3585,3.9,8.4,20,14.2,12.1,1.6,0,4.8,28.2,11.1,6.7,11.5,8.1
"106","44007003400","Census Tract 34, Providence County, Rhode Island",0.3665,2.33,7.33,0.76,28.35,0,94.57,0,60.61,0,0,100,86.2,14.42,88.73,68.76,0,87.23,14.8,8.4154,1.5,3.6,13.3,5.371,0.5,8.1,21.1,25.3,6.8,0,0,1.3,31,9.4,9.2,7.6,7.8
"107","44007003500","Census Tract 35, Providence County, Rhode Island",0.4601,2.33,7.3,0.77,28.05,0,97.63,0,81.51,0,0,100,88.34,17.04,100,93.46,0,87.18,27.3,32.9385,3.4,2,70.3,37.8354,3.5,8,15.1,10.4,6.9,0,0,2.4,24.6,10.4,5.9,11.5,7
"108","44007003601","Census Tract 36.01, Providence County, Rhode Isl",0.4766,2.33,7.32,0.97,29.24,0,97.94,0,0,0,0,100,95.96,17.33,100,100,0,87.21,39.6,42.9818,5.2,5.1,76.4,41.5365,3.5,7.3,3.8,2.1,4.6,1.6,0,43.5,14.6,11.6,2.4,15.4,3.6
"109","44007003602","Census Tract 36.02, Providence County, Rhode Isl",0.5251,2.33,7.34,1.14,29.43,0,100,0,0,0,0,100,96.49,14.61,100,100,0,88.26,33.5,32.3703,1.5,4.7,41,29.0909,5.2,4.6,4,3.4,5.9,0.8,0,72.9,13.3,12.7,1.9,18.1,3.3
"110","44007003700","Census Tract 37, Providence County, Rhode Island",0.7117,2.33,7.29,0.87,29.29,0,100,46.34,12.64,0,0,100,93.4,18.13,100,100,0,87.18,37.9,47.1589,6.9,7.7,70.4,39.2857,7.7,13.4,11.6,5.9,14.3,1.2,0,1.9,23,11.4,4.9,12.9,6.7
"111","44007010101","Census Tract 101.01, Providence County, Rhode Is",0.4489,2,7.27,0.58,26.76,0,100,0,95.36,0,0,100,81.74,14.21,100,98.57,0,80.23,8.5,12.467,11.1,2.7,25.3,24.3652,3.7,17.7,16,18.5,11.7,1,0,0.3,30.9,11.4,7.2,12.3,9
"112","44007010102","Census Tract 101.02, Providence County, Rhode Is",0.6989,2.33,7.23,0.54,27.34,0,100,0,21.67,0,0,82.23,84.18,14.38,99.06,99.95,0,68.47,6.9,15.4202,11.7,2.5,31.6,24.8762,3.7,18.2,28,18.3,11.2,2.9,2.1,0,37.4,11.5,9.8,11.6,11
"113","44007010200","Census Tract 102, Providence County, Rhode Islan",0.773,2.33,7.25,0.71,28.56,0,100,0,97.88,0,0,99.98,92.28,15.74,100,96.79,0,81.41,35.2,30.263,20.6,4.1,49.5,30.5882,6.7,21.3,15.2,20.7,14.8,3.8,0,2.2,34.3,12.7,7.5,15.1,10.9
"114","44007010300","Census Tract 103, Providence County, Rhode Islan",0.9203,2.33,7.2,0.62,27.42,0,100,0,39.12,0,0,28.68,93.93,14.94,45.93,100,0,70.97,21,31.9599,21.5,6.9,45.9,35.7826,4.1,42.5,22,20.9,19.9,5.1,0,0.3,37.4,13.2,8.3,15.4,13.1
"115","44007010400","Census Tract 104, Providence County, Rhode Islan",0.7746,2.33,7.21,0.72,27.32,0,95.22,25.71,29.82,0,0,100,87.66,15.63,82.63,98.57,0,87.18,31.5,32.9118,19.5,5.7,59.8,36.4187,8.7,25.8,18.5,19.3,13.6,8,0,1.8,34.1,12.6,7.3,14.6,10.4
"116","44007010501","Census Tract 105.01, Providence County, Rhode Is",0.7058,2.33,7.14,0.56,27.17,0,100,0,0,0,0,58.68,86.41,15.56,0,100,0,72.75,28.3,28.6531,21.1,5.7,29.8,31.7654,4.7,21.3,19.7,20.5,14.7,3.5,0,5,37.4,12.8,8.7,14.6,11.6
"117","44007010502","Census Tract 105.02, Providence County, Rhode Is",0.6889,2.33,7.09,0.55,26.77,0,92.12,0,21.52,0,0,99.12,68.84,13.17,15.63,84.42,0,83,30.2,19.9917,6.5,4.5,49.2,35.2968,1.4,21.8,23,16.3,10.4,0.8,0,4.4,35.3,11.4,8.6,12.3,10.4
"118","44007010600","Census Tract 106, Providence County, Rhode Islan",0.3476,2.33,6.99,0.44,24.76,0,77.5,0,0,0,0,99.92,78.51,14.72,0,0,0,87.18,10,30.3592,11.2,4,34.7,38.275,1.1,20.8,20.4,12.4,20.4,1.8,0,0.2,34.8,12.4,7.7,14,11
"119","44007010701","Census Tract 107.01, Providence County, Rhode Is",0.4929,2.33,7.02,0.47,25.07,0,49.69,0,0,0,0,100,83.12,7.92,0,91.13,0,84.11,10.6,16.4557,5.6,1.4,19.8,28.6592,3.1,16.6,22.7,18,14.5,2.3,0,0.5,35.3,11.3,8.8,12.1,10.3
"120","44007010702","Census Tract 107.02, Providence County, Rhode Is",0.1952,2.33,6.98,0.42,23.78,0,46.19,0,0,0,0,100,87.83,13,0,33.15,0,86.87,8.5,18.9455,6.1,0.8,16.9,25.4298,2.5,10.4,17.3,17.4,14.2,0.7,0,0,32.7,11.2,8.2,11.9,9.5
"121","44007010800","Census Tract 108, Providence County, Rhode Islan",0.9757,2,7.32,0.71,29.04,0,100,0,100,0,0,100,93.1,16.72,100,100,0,92.48,77.2,55.5706,28.1,8.6,84.4,52.0253,16.3,29.4,8,25.7,19.7,16.5,0,2,35,13.3,5.4,18.7,15.7
"122","44007010900","Census Tract 109, Providence County, Rhode Islan",0.9307,2,7.32,0.65,28.54,0,100,0,100,0,0,100,88.33,14.78,100,100,0,93.54,70.7,65.1299,39.9,4.8,81.6,48.2419,14.7,30.2,8,31.2,18.9,20,0,8.3,34.2,13.3,5,19.4,15.1
"123","44007011000","Census Tract 110, Providence County, Rhode Islan",0.8985,2,7.32,0.69,28.23,0,100,0,100,0,0,100,80.74,14.94,100,69.03,0,93.56,84.7,65.3058,46.2,8.5,76.3,49.4895,18.9,33,3.8,29,11.5,24.7,0,0,34.2,13.6,4.9,19.1,14.2
"124","44007011100","Census Tract 111, Providence County, Rhode Islan",0.9064,2,7.33,0.72,29.03,0,100,0,62.49,0,0,100,84.18,14.83,100,49.5,0,95.45,88.9,72.2465,21.9,4.1,76.9,56.2003,18,31.6,10.2,24.2,22.2,20.2,0,0.1,32.1,13.2,4.5,18.8,13.8
"125","44007011200","Census Tract 112, Providence County, Rhode Islan",0.6691,1.67,7.31,0.6,27.48,0,100,0,77.67,0,0,100,84.04,14.23,100,28.86,0,65.66,12.4,18.871,21.7,0,49.1,33.7088,6.5,27.4,14.5,15.8,15.8,9.4,0,1.2,34.3,12.5,7.6,15,11.4
"126","44007011301","Census Tract 113.01, Providence County, Rhode Is",0.5991,1.67,7.29,0.46,26.43,52.8,98.12,0,61.67,0,0,12.81,69.76,12.06,80.41,32.89,0,91.54,15.1,16.347,10.7,8.5,22,28.972,0.9,14.3,18.9,18.7,15.3,3.2,0.7,0,31.9,11.6,7.4,13.2,9.6
"127","44007011302","Census Tract 113.02, Providence County, Rhode Is",0.3876,1.67,7.29,0.43,26.06,0,79.36,0,0.04,0,0,55.12,64.11,7.39,53.03,37.33,0,43.01,6.2,12.0339,9.6,3.2,16.8,18.2976,5.5,9.9,14.4,18.9,12.9,1.3,0,0,31.7,11.3,7.6,12.3,9.1
"128","44007011401","Census Tract 114.01, Providence County, Rhode Is",0.5325,1.67,7.26,0.38,26.18,3.08,48.7,0,5.74,0,0,23.7,57.08,6.4,21.07,62.28,0,57.76,11.3,10.5598,6,3,17.8,23.0747,1.6,12.3,21.4,22.8,6.8,0.7,0,0.4,32,10.5,8.5,10.1,8.8
"129","44007011402","Census Tract 114.02, Providence County, Rhode Is",0.2643,1.33,7.21,0.32,25.39,0,27.61,0,7.7,0,0,79.65,48.35,6.17,2.09,3.67,0,53.35,5.7,8.5648,3.2,1.5,5.3,14.4323,1.9,5.1,17.3,20.4,10.1,0.7,2.2,2.3,31.7,10.4,8.2,10.1,8.4
"130","44007011403","Census Tract 114.03, Providence County, Rhode Is",0.5558,1.33,7.21,0.37,25.67,1.25,85.09,0,28.93,0,0,68.16,57.5,8,92.72,58.62,0,93.22,12.6,14.0538,8.8,0,22.4,23.2374,0.8,11.7,17.1,20.3,10.4,0.9,0,0.3,31.5,11.3,7.6,12,9.1
"131","44007011500","Census Tract 115, Providence County, Rhode Islan",0.7661,1.67,7.21,0.38,25.72,2.83,98.9,0,19.82,0,0,7.69,74.22,8.92,79.69,98.64,10.83,93.54,10.7,22.0339,8,6.5,53.8,29.2835,2.5,15.3,17.6,24.5,15.6,0.3,0,2.8,33.8,11.4,8.4,12.5,10.2
"132","44007011600","Census Tract 116, Providence County, Rhode Islan",0.5849,1.67,7.25,0.38,25.89,10.18,49.16,0,29.33,0,0,42.11,45.41,8.58,14.11,79,23.2,98.79,11.5,8.0384,6.2,2,10.2,13.2034,0.6,8,20.9,21.6,7.9,2.4,0.6,0.2,32.6,10.8,8.2,10.7,9.3
"133","44007011701","Census Tract 117.01, Providence County, Rhode Is",0.7222,1.67,7.3,0.52,26.8,13.88,72.46,0,33.51,0,0,94.39,85.28,10.22,94.92,5.52,0,95.26,14.2,24.0966,10.5,7.2,36.6,28.3008,3,19.1,21,20.8,14.3,1.6,0,0.3,34.8,12,8,13.6,11
"134","44007011702","Census Tract 117.02, Providence County, Rhode Is",0.3822,2,7.31,0.55,27.51,0,55,0,0.49,0,0,100,80.43,10.94,40.87,72.08,0,99.99,11.7,20.6462,10.9,1.6,17.7,28.5524,1.4,5.3,16.1,21.2,11.8,2.7,0,0.2,31.8,11.6,7.4,13,9.6
"135","44007011800","Census Tract 118, Providence County, Rhode Islan",0.772,2,7.33,0.67,27.83,0,97.33,0,20.81,0,0,100,72.71,15.93,32.82,100,0,100,36.2,37.4245,11.6,6.7,43.4,51.5822,5.3,18.3,16,22.4,14.6,4.1,1.1,0.3,33.7,12.7,7.4,15.3,12.4
"136","44007011901","Census Tract 119.01, Providence County, Rhode Is",0.2643,2,7.3,0.5,26.22,0,100,0,0,0,0,100,61.1,15.67,0,97.54,0,100,35,14.972,8.9,5.7,37,27.8583,1.2,17.1,18.4,18.8,13.2,3.5,0,0,31.7,11.6,7.3,13,9.8
"137","44007011902","Census Tract 119.02, Providence County, Rhode Is",0.3344,2,7.28,0.44,26.45,0,79.53,0,0,0,0,100,42.05,13.11,0,57.69,0,99.25,13.4,11.0835,2.9,2.4,25.7,28.8701,4.1,16.2,26.6,13.9,12,0.8,0,0,38.6,10.9,10.4,10.7,11.5
"138","44007012000","Census Tract 120, Providence County, Rhode Islan",0.5762,2,7.26,0.49,26.02,16.65,100,0,0,0,0,100,90.27,14.83,0,100,0,88.95,22.4,24.8639,7,12.1,35.8,22.0956,0.4,16.4,18.2,19.6,12.2,0.5,0,3.8,32.5,11.2,8,11.9,9.4
"139","44007012102","Census Tract 121.02, Providence County, Rhode Is",0.4109,2,7.21,0.46,26.97,49.12,100,0,0,0,0,100,75.12,14.25,0,96.79,0,86.03,29,25.5632,5.7,6.7,43.8,32.9212,4.2,15,12,23.1,12.7,1,0,0,30,11.6,6.8,13.4,9.1
"140","44007012103","Census Tract 121.03, Providence County, Rhode Is",0.7386,2,7.23,0.43,25.51,75.45,100,0,0,0,0,100,52.57,13.67,0,100,0,86.04,31.9,28.9034,11.3,4.8,67.5,29.9514,4.2,21.7,28.3,8,16.5,3.3,0,6.1,37.2,11.4,10.1,12,11.7
"141","44007012104","Census Tract 121.04, Providence County, Rhode Is",0.4943,2,7.2,0.42,25.9,92.62,99.82,0,0,0,0,100,73.55,14.67,0,100,0,86.87,29.3,34.1639,14.1,7.1,59.2,35.9568,2.4,16.6,15.8,17.2,13.5,0.9,0,0.2,33.4,12.3,7.2,14.7,10.9
"142","44007012200","Census Tract 122, Providence County, Rhode Islan",0.5462,2,6.96,0.34,23.62,19.34,25.43,0,9.44,0,0,55.19,53.55,7.88,0,69.38,0,71.2,12.9,12.0071,9.8,7.3,25.9,20.797,1.2,13.7,21.5,14.6,13.1,2.3,0,2.5,32.7,11.2,8.1,12.2,9.4
"143","44007012300","Census Tract 123, Providence County, Rhode Islan",0.5213,2,7.13,0.42,25.25,40.19,83.82,0,0,0,0,89.66,73.02,12.33,0,87.93,0,86.01,13,21.1654,7.2,5.8,29.7,29.7947,3.9,13.6,16.8,19.4,7.7,0.6,0.4,1.6,34.2,11.5,7.8,13.2,10.3
"144","44007012401","Census Tract 124.01, Providence County, Rhode Is",0.3737,2,7.13,0.46,25.65,0,91.66,0,0,0,0,97.32,80.13,15.11,0,94.97,0,85.27,19.9,16.7526,12.1,6.7,24.8,30.8921,3.2,16.7,15.6,19.7,10.6,0.9,0,0.2,34.1,11.2,8.2,12.4,10
"145","44007012402","Census Tract 124.02, Providence County, Rhode Is",0.5071,2.33,7.1,0.49,26.29,0,71.39,0,1,0,0,85.34,74.94,9.92,0,91.56,0,84.23,12,25.437,10.6,0.5,34.9,31.3707,3,15.5,15.8,20.9,13,0.6,0.4,0.2,33.4,11.7,7.9,13.4,10.3
"146","44007012500","Census Tract 125, Providence County, Rhode Islan",0.8256,2.33,6.97,0.42,26.28,13.18,96.21,0,19.98,0,0,19.57,53.69,10.61,0,77.84,0,83.92,18.5,35.3054,13.7,5.8,53.3,30.0041,3.2,25.9,29.4,13.8,19.2,2.1,0,2.5,37.9,11.9,9,13.3,11.6
"147","44007012601","Census Tract 126.01, Providence County, Rhode Is",0.3068,1.67,7.11,0.27,23.84,0,70.64,0,0.78,0,0,19.59,59.25,10.58,0,66.68,18.23,86.86,22.7,9.9412,5,4.9,16.7,21.8236,3,9.7,8.7,8.4,7.5,0.7,0,61.6,15.7,11.5,3.1,14.8,3.8
"148","44007012602","Census Tract 126.02, Providence County, Rhode Is",0.572,1.67,7.18,0.34,24.17,1.3,88.94,0,9.26,0,0,51.15,62.69,8.53,0,63.51,35.3,88.55,6.4,13.956,6.6,2.6,24.8,24.391,1.5,12.7,22.2,16.9,12.7,0,0,1.2,32.5,11.2,8.1,12.1,9.5
"149","44007012701","Census Tract 127.01, Providence County, Rhode Is",0.4935,1.67,7.02,0.22,23.02,30.55,39.75,0,0,0,0,37.55,51.83,6.56,0,30.34,0,85.01,5.9,9.2249,9.5,2.7,19.4,21.6592,0.9,14.4,25.5,16.4,11.8,1.9,0,8,35.8,10.6,9.9,10.4,9.6
"150","44007012702","Census Tract 127.02, Providence County, Rhode Is",0.2902,2,6.99,0.28,23.06,0,45.67,0,0,0,0,68.1,72.72,11.33,0,96.56,0,85.07,8.3,8.2578,5.8,3.3,17.1,19.9897,2,15.1,20.3,18.3,13.1,0.7,1.7,0.8,34.5,11.2,8.7,11.6,9.8
"151","44007012801","Census Tract 128.01, Providence County, Rhode Is",0.7704,1.33,7.04,0.26,23.91,32.23,91.85,0,31.27,0,0,71.92,71.63,8.89,78.58,78.8,0,48.12,8.2,16.9875,10.2,6.7,28.1,38.0248,2.3,15.4,27,19.8,20.5,0.1,0,4.2,37.1,11.2,9.6,11.7,10.7
"152","44007012802","Census Tract 128.02, Providence County, Rhode Is",0.6059,1.33,7.12,0.29,24.87,16.86,37.55,0,19.34,0,0,88.4,84.13,10.33,68.43,100,0,54.89,8.5,18.0791,7.7,3.8,21.9,21.0989,4,13.7,21.5,17.7,13.7,3.7,0,0.6,33.8,11.3,8.4,11.9,9.8
"153","44007012803","Census Tract 128.03, Providence County, Rhode Is",0.5698,1.33,7.08,0.25,23.98,22.82,16.76,0,13.75,0,0,12.53,53.68,7.25,18.09,39.94,0.26,70.6,5.5,11.5657,7.3,4.6,13.9,21.2104,2.8,8.9,18.6,19.4,15.5,0.2,0,0.8,31.4,10.9,7.6,11.3,9
"154","44007012900","Census Tract 129, Providence County, Rhode Islan",0.3157,1.33,6.79,0.19,21.74,0,67.47,0,0,0,0,10.74,71.24,10.42,0,2.37,0,34.58,7.9,25.9371,5.9,6.2,46.1,31.4945,12.3,19.7,12,24.1,14.6,1,0.7,1.6,33,11.9,7.4,14.1,10
"155","44007013001","Census Tract 130.01, Providence County, Rhode Is",0.1433,1.33,6.74,0.17,21.72,0,4.33,0,1.22,0,0,63.11,55.87,3.28,1.88,5.3,0,27.94,5.8,11.7629,11.7,5.3,6.5,15.8895,2.5,9.9,16.5,17.1,11.6,1.3,0,4.7,31.9,11.5,7,12.9,9.1
"156","44007013002","Census Tract 130.02, Providence County, Rhode Is",0.3538,1.33,6.89,0.21,21.87,5.26,21,0,6.05,0,0,43.82,60.18,5.21,0,1.42,0,49.93,10.6,14.7239,11.6,4.6,19,17.7864,1.4,12.3,15.4,20.1,12.4,0.7,8.1,2.1,33.1,12,7.3,13.7,9.9
"157","44007013101","Census Tract 131.01, Providence County, Rhode Is",0.043,1.33,6.64,0.17,20.63,0,0,0,0,0,0,16.67,57.76,5,0,36.66,0,34.62,6.5,18.9102,5,2.4,12.5,24.0669,3.5,13.9,14,21.6,13.7,0,0,0,31.8,11.5,7.3,12.6,9.3
"158","44007013102","Census Tract 131.02, Providence County, Rhode Is",0.1971,1.67,6.84,0.19,21.57,7.19,0,0,0,0,0,0,67.3,6.94,0,45.15,0,56.1,3.8,10.7268,5.6,7.2,13.4,19.768,3,11.7,18.3,19.3,11.5,0,7.2,0.2,31.2,11.1,7.4,11.7,8.9
"159","44007013201","Census Tract 132.01, Providence County, Rhode Is",0.2487,2.33,6.72,0.22,22.07,0,3.09,0,17.94,0,0,13.63,68.52,6.13,1.93,20.91,0,21.58,2.7,9.1519,4.2,4.3,14.3,14.1097,0.9,15.1,19.8,17.6,13.9,0,0,0.1,32.7,11,8.1,11.3,9.2
"160","44007013202","Census Tract 132.02, Providence County, Rhode Is",0.1106,2.33,6.58,0.18,21.05,0,0,0,0,0,0,0,61.96,4.61,0,23.52,0,18.59,4.2,7.2522,3.9,2.6,11.8,16.1044,0.2,7.1,17.7,19,8.7,0.5,0.6,0,32.8,10.8,7.8,10.9,8.7
"161","44007013300","Census Tract 133, Providence County, Rhode Islan",0.1373,2.33,6.41,0.17,20.36,0,0,0,0,0,0,0,60.64,5.29,0,23,0,22.23,6.7,11.4925,4.2,1.9,14.7,20.6436,4.5,13.4,19.1,18.6,9.6,0,0.5,0.3,32.1,11.2,7.5,11.9,9.1
"162","44007013400","Census Tract 134, Providence County, Rhode Islan",0.6948,2.33,7.03,0.53,26.89,0,100,34.19,5.86,0,0,100,95.54,14.33,72.99,99.07,0,84.9,18.8,17.0611,4.9,3.1,35.5,27.6026,3.5,14.9,21.4,20.1,9.3,3,0.4,1.4,31.9,10.8,8,10.9,9.1
"163","44007013500","Census Tract 135, Providence County, Rhode Islan",0.6728,2.33,7.08,0.62,27.61,0,100,28.53,51.68,0,0,100,90.6,15,99.44,100,0,85.74,44.6,30.2266,5.4,1.8,48.7,40.0218,4.6,6.9,11.8,19.5,12,4.4,1.5,7.2,28.8,12.1,5.6,14.7,9.5
"164","44007013600","Census Tract 136, Providence County, Rhode Islan",0.5781,2.33,7.02,0.58,26.98,0,100,100,90.08,0,0,99.97,95.32,15,100,100,0,79.92,40.8,12.836,5.2,2.6,33.6,21.9331,4.7,8.2,11.4,20.4,13.4,1.5,2.2,0.4,31.4,11.4,6.4,13.1,9.8
"165","44007013701","Census Tract 137.01, Providence County, Rhode Is",0.6599,2.33,7.06,0.75,27.14,0,100,14.11,69.56,0,0,100,94.8,13.96,100,100,0,79.92,47.5,26.5038,11,3.9,43.2,30.0349,6.4,13.6,11.6,20.9,10.1,7.2,0,0.4,29.1,11.3,6.2,13.1,9
"166","44007013702","Census Tract 137.02, Providence County, Rhode Is",0.4922,2.33,7.02,0.67,26.71,0,83.1,0,54.63,0,0,100,96.27,16,70.43,90.45,0,82.46,31.3,20.3562,9.6,3.3,30.8,23.8565,8.2,10.5,10,25.3,8.5,3,0,0.3,30.8,12.1,6.4,14.3,10
"167","44007013800","Census Tract 138, Providence County, Rhode Islan",0.4797,2.33,6.99,0.65,26.59,0,91.69,20.89,90.37,0,0,100,85.75,13.2,89.8,93.85,0,81.51,21.1,13.7547,8.6,1.9,25.7,19.8604,3.4,10.9,14.9,18.4,9,1.5,0,0.1,31.5,11.3,7.3,12.5,9.2
"168","44007013900","Census Tract 139, Providence County, Rhode Islan",0.7071,2.33,6.93,0.64,26.6,0,98.93,0,8.66,0,0,88.92,83.05,15,48.45,92.36,0,83.27,16.4,19.5342,7.2,4,36,33.5366,1.6,17.5,31.4,11.2,16.7,3.5,0,0.4,36,10.8,9.5,10.9,10.5
"169","44007014000","Census Tract 140, Providence County, Rhode Islan",0.5309,2.33,7.06,0.74,27.52,0,97.63,0,54.57,0,0,100,94.93,16.33,34.72,88.11,0,81.61,40.8,24.2395,11.1,3.8,21.1,33.0998,2.7,17,14.5,28.1,8.1,4.5,0,0.1,33.2,11.6,7.3,13.2,10.5
"170","44007014100","Census Tract 141, Providence County, Rhode Islan",0.8592,2.33,7.13,0.85,27.84,0,100,0,68.19,0,0,100,79.38,16.08,98.76,100,0,80.88,58.4,44.6886,20.8,13.3,57.8,43.1007,4.3,27.8,17,19,15.3,10.8,0,0,36.3,11.9,6.6,15,13.4
"171","44007014200","Census Tract 142, Providence County, Rhode Islan",0.3864,2.33,6.84,0.74,26.24,0,89.56,0,75.91,0,0,85.95,61.64,15.83,28.43,100,7.97,80.22,41.8,16.4166,19.5,2.9,13,18.2942,3.3,9.3,12,8.9,12.2,3.1,0,58.5,28.2,10.3,4.4,13.3,7.9
"172","44007014300","Census Tract 143, Providence County, Rhode Islan",0.5224,2.33,6.98,0.6,26.58,0,68.22,0,21.55,0,0,100,80.95,14.58,0,43.32,0,83.04,19,13.8083,6.4,4.8,28.9,31.7588,1.8,14.1,26.5,19.8,12.1,0.5,0,0,37,10.8,9.6,10.6,10.5
"173","44007014400","Census Tract 144, Providence County, Rhode Islan",0.413,2.33,6.87,0.62,25.6,0,81.62,0,3.96,0,0,100,78.07,15.56,0,100,0,80.1,13.5,14.2979,3.9,2.3,18.9,28.3729,3,11.5,30.4,15.2,16.4,0.4,0,0.9,36.3,10.3,10.3,9.6,10
"174","44007014501","Census Tract 145.01, Providence County, Rhode Is",0.1234,2.33,6.84,0.4,24.06,0,68.24,0,0,0,0,35.6,22.47,5.5,0,67.53,0,79.92,15.9,4.492,6.9,2.6,2.5,14.5043,0.9,8.7,14.4,20.6,7.9,0.8,0.5,0.4,28.9,10.7,7,11,7.7
"175","44007014502","Census Tract 145.02, Providence County, Rhode Is",0.587,2.33,6.93,0.49,25.91,0,75.64,0,5.12,0,0,92.67,74.02,13.5,0,94.11,0,80.5,7.5,27.6248,6.6,2.4,40.4,38.1616,3,15.5,22.4,17.9,13.5,1.2,0,0.3,35.4,11.4,8.8,12.3,10.7
"176","44007014600","Census Tract 146, Providence County, Rhode Islan",0.2558,2.33,6.74,0.33,23.51,0,29.37,0,20.49,0,0,51.07,38.04,7.17,8.86,24.98,0,60.02,11.7,12.4962,8.7,4.6,5.6,30.4202,1.3,9.8,17,22.3,13,1.2,0,0.7,29.6,10.7,7.2,10.9,8.2
"177","44007014700","Census Tract 147, Providence County, Rhode Islan",0.6797,2.33,7.07,0.62,27.35,0,100,0,99.14,0,0,100,86.2,17.19,20.41,39.8,0,83.68,52.2,44.8918,16.1,8.5,59,42.0516,4.6,20,12.1,26.5,15,13.3,0,0.3,34.2,12.1,6.9,14.9,11.2
"178","44007014800","Census Tract 148, Providence County, Rhode Islan",0.4906,2.33,6.98,0.46,26.1,0,89.54,0,12.11,0,0,35.3,52.75,13.94,0,69.35,0,83.06,21.4,23.0283,9.5,4.1,33.5,33.436,2.6,12,19.9,19.5,9.5,1.6,0,2.6,34.4,11.6,8.2,13,10.8
"179","44007015000","Census Tract 150, Providence County, Rhode Islan",0.5952,2,7.33,0.78,28.35,0,100,0,35.44,0,0,100,87.64,15,100,100,0,100,54.3,28.6274,17.3,4.9,35,34.3539,6,12.4,10.8,21.1,9.8,9,0,0,32.8,12.4,6.2,14.7,10.1
"180","44007015100","Census Tract 151, Providence County, Rhode Islan",0.9373,2,7.33,0.79,29.11,0,100,0,23.85,0,0,100,82.56,15.94,100,100,0,91.19,79.7,52.8282,33.9,9.2,69.2,48.4795,8.1,25.9,12,25.3,12.6,14,0,0,37.9,15.5,5.7,20.6,15.6
"181","44007015200","Census Tract 152, Providence County, Rhode Islan",0.9949,2,7.32,0.75,28.13,0,100,0,21.95,0,0,100,72.03,18.75,100,100,0,88.4,78.8,76.3814,44.6,25.4,92.1,45.0815,8.2,51.1,23.2,20.2,39.5,18.5,0,1.4,48.3,15.6,8.7,20.3,24.2
"182","44007015300","Census Tract 153, Providence County, Rhode Islan",0.9038,2,7.31,0.63,28.11,0,100,0,99.69,0,0,100,95.29,16.5,100,100,0,89.89,59.3,57.3405,21.4,6.1,74.7,48.0942,8.5,25.4,11.9,27.9,15.9,6.8,0,0.2,33.7,13.7,5.8,17.9,13
"183","44007015400","Census Tract 154, Providence County, Rhode Islan",0.838,2,7.31,0.6,27.92,0,100,0,31.37,0,0,100,93.24,13,100,100,0,85.48,76,39.9235,23.3,9.2,77.9,42.2803,5,22.7,10.1,25.2,15.5,9.9,0,0.6,32.3,13.4,5.2,17,12
"184","44007015500","Census Tract 155, Providence County, Rhode Islan",0.7351,2,7.29,0.56,27,0,100,3.84,18.6,0,0,100,87.67,15,100,100,0,74.37,52.5,32.9875,20.2,3.5,48.2,38.4287,6.5,12.2,9,18,19.4,4.9,0,0,32.6,12.9,6,16.4,10.9
"185","44007015600","Census Tract 156, Providence County, Rhode Islan",0.5757,2,7.29,0.55,27.06,0,100,18.13,5.14,0,0,100,94.48,15.72,100,100,0,75.55,39.2,21.3647,8.8,4.2,52.7,34.6112,2.9,14.3,13.9,16.4,15.9,1.8,0,0,33.5,11.9,6.3,14.2,10.1
"186","44007015700","Census Tract 157, Providence County, Rhode Islan",0.6996,2,7.28,0.52,26.68,0,100,100,96.51,0,0,100,88.8,15.08,100,100,0,68.47,15.9,20.731,10.4,5.5,29.9,35.9112,3.7,15,16.9,19,13.8,1.5,0,0.2,32.9,11.6,7.6,13.1,9.9
"187","44007015800","Census Tract 158, Providence County, Rhode Islan",0.7094,2,7.27,0.53,27.16,0,100,66.41,23.7,0,0,100,96.14,13.6,100,100,0,68.47,15.3,26.9151,15.7,9.5,30.3,28.5932,3.8,24.5,16.2,19.8,20.7,6.5,0,0.2,31.9,11.9,7.1,13.6,9.4
"188","44007015900","Census Tract 159, Providence County, Rhode Islan",0.5627,2,7.29,0.56,27.67,0,100,0.85,0,0,0,100,96.03,15.38,100,100,0,77.82,36.2,25.7199,12.6,4.4,60.8,32.0031,7.1,5.8,9.8,19.6,14,1.6,0,0.1,32,12,6.6,14.3,10.3
"189","44007016000","Census Tract 160, Providence County, Rhode Islan",0.8051,2,7.31,0.64,28.22,0,100,0,23.86,0,0,100,81.79,14.5,100,100,0,89.85,66.9,33.4493,12.5,13.2,75,43.4896,6.9,14.1,11.2,22.5,18.8,10.1,0,0.4,32.1,12.9,5.7,15.7,10.8
"190","44007016100","Census Tract 161, Providence County, Rhode Islan",0.8804,2,7.33,0.8,29.29,0,100,0,31.97,0,0,100,82.42,16.42,100,100,0,89.18,73.4,50.4274,23.2,5.5,81.7,51.1135,7.8,19.1,7.2,26.2,12,10,0,0.6,33.1,14.4,4.7,19.2,12.3
"191","44007016300","Census Tract 163, Providence County, Rhode Islan",0.5242,2,7.34,0.82,28.02,0,100,0,100,0,0,100,80.37,14.67,100,100,0,100,58.3,18.2092,15.9,4.8,19.9,27.5271,1.7,10.5,12.8,19.2,12.4,7,0,0,31.4,12.3,7,14.3,10.3
"192","44007016400","Census Tract 164, Providence County, Rhode Islan",0.9211,2,7.34,0.84,29.83,0,100,0,97.61,0,0,100,91.03,16.22,100,100,0,98.7,72.1,47.163,27,11.2,68,45.4491,12.7,25.9,10.7,23.9,12.2,11.2,0,1.6,34.5,14.8,5.6,19.2,13.3
"193","44007016500","Census Tract 165, Providence County, Rhode Islan",0.5106,2,7.33,0.8,28.33,0,100,0,68.02,0,0,100,86.07,15.72,90.22,100,0,90.74,23.8,16.8507,8.7,3.5,39.7,21.2174,2.1,17,16.3,15.3,13.6,4.5,0.6,0,31.6,11.3,7.1,11.8,9.3
"194","44007016600","Census Tract 166, Providence County, Rhode Islan",0.8726,2,7.32,0.7,28.78,0,100,0,2.46,0,0,100,77.04,16.67,98.84,100,0,87.19,58.8,42.1982,22.4,7.7,60.3,38.9728,8.9,13.7,13,22.2,19.4,8.6,0,5.6,35,13.2,6.8,16,11.9
"195","44007016700","Census Tract 167, Providence County, Rhode Islan",0.7146,2,7.32,0.64,27.66,0,100,0,0,0,0,100,84.27,15.5,100,100,0,87.18,66.2,41.2854,14,7.7,72.2,35.8814,8.4,12.7,9.2,21.3,15.4,4.4,0,0.8,31.6,12.6,5.6,15.5,9.9
"196","44007016800","Census Tract 168, Providence County, Rhode Islan",0.4962,2,7.29,0.52,26.5,0,100,0,0,0,0,100,93.1,15.78,100,100,0,79.36,29.2,29.2683,15.2,5.8,38.3,39.814,5.1,12.7,15,21.8,13,5.7,0,0,33.8,12.3,7,14.8,10.9
"197","44007016900","Census Tract 169, Providence County, Rhode Islan",0.4486,2,7.26,0.48,26.83,0,100,0,0,0,0,100,92.32,14.83,100,99.09,0,68.47,12.8,10.7995,5,3.7,14.9,24.9296,3.6,10,22,16.9,16.1,1.7,0,0.4,33.8,11.1,8.7,11.5,9.9
"198","44007017000","Census Tract 170, Providence County, Rhode Islan",0.7545,2,7.27,0.52,26.35,0,100,0,0,0,0,100,76.64,15.04,100,100,0,76.67,33.2,22.4875,18.1,3.7,29.3,31.2719,6.1,15.7,16.7,15.5,19,6.6,9.8,3.2,36.4,12.1,8.1,14,11.6
"199","44007017100","Census Tract 171, Providence County, Rhode Islan",0.8209,2,7.3,0.56,27.75,0,100,0,2.76,0,0,100,88.14,15.58,100,100,0,87.18,55.9,45.722,17,9.9,54.2,42.4864,4.5,19.7,13.1,21,17.2,6.6,4.3,0.7,32.8,12.9,6.2,16,11.5
"200","44007017300","Census Tract 173, Providence County, Rhode Islan",0.5413,1.33,7.12,0.42,25.31,0,100,0,0,0,0,100,94.68,11.72,100,0,0,57.33,33.9,34.1424,13.1,7.5,53.8,30.298,5.1,15.1,15.8,17.2,16.8,1.2,0.7,0,33.1,12.7,6.3,16.2,11
"201","44007017400","Census Tract 174, Providence County, Rhode Islan",0.7379,1.33,7.11,0.37,24.93,0,100,0,0,0,0,100,82.44,13.72,100,1.42,0,54.41,60.3,55.6924,12,9.7,66.9,38.7806,4.6,13.6,10,31,22.1,5.5,0,3,34.6,13,5.9,17.7,13.3
"202","44007017500","Census Tract 175, Providence County, Rhode Islan",0.4618,1.33,7.13,0.38,24.98,0,71.18,0,0,0,0,100,88.45,14.11,99.42,38.26,0,54.41,27.6,34.7227,12.5,8.4,52,38.7938,4.6,11.3,15.1,16.9,21.5,3.1,0,0.9,33.5,12.2,7,14.2,10.4
"203","44007017600","Census Tract 176, Providence County, Rhode Islan",0.7466,1.33,7.13,0.44,25.05,0,100,0,2.12,0,0,100,90.59,15.5,100,0,0,54.41,61.7,55.8514,19.6,16.2,75.8,54.2105,6.7,21.6,8.6,28.5,23.5,7,0,2,31.6,13.8,4.8,18.9,11.9
"204","44007017700","Census Tract 177, Providence County, Rhode Islan",0.6321,1.33,7.15,0.42,25.6,0,83.07,0,82.69,0,0,100,86.41,9.11,96.48,68.39,0,82.39,11.5,22.7775,15.1,4.1,32.7,23.9533,6.4,12.2,15.4,17.1,13,1.4,0.5,0.5,32.9,11.8,7.5,13.6,10.4
"205","44007017800","Census Tract 178, Providence County, Rhode Islan",0.9395,1.33,7.14,0.46,25.36,0,100,0,86.56,0,0,100,92.66,12.61,100,23.22,0,69.94,22.9,41.2584,31.3,8.8,63.3,49.6503,13.5,29.5,19.1,13.5,17.8,7.3,0.7,7.7,38.4,13.6,6.5,18.1,13.3
"206","44007017900","Census Tract 179, Providence County, Rhode Islan",0.9276,1.33,7.14,0.46,25.59,0,100,0,100,0,0,100,91.41,14.33,100,16.21,0,79.78,32.1,52.8707,19.6,12.3,86.7,47.6835,12,24.7,10,17.7,22.1,5.9,2.1,0.8,36.1,13.8,6.3,18.9,13.6
"207","44007018000","Census Tract 180, Providence County, Rhode Islan",0.9543,1.33,7.13,0.46,25.78,0,100,0,59.79,0,0,100,92.45,17.56,100,0,0,59.46,49.9,65.4686,32.9,11.9,90.9,49.5798,12.6,39,17.7,20.7,23.2,5.8,0,0.4,45.4,13.6,8.7,17.1,16.9
"208","44007018100","Census Tract 181, Providence County, Rhode Islan",0.8832,1.33,7.14,0.46,25.94,0,100,0,27.03,0,0,100,87.56,12.75,99.26,40.63,0,71.67,44.1,62.7055,17.7,8.4,81.7,27.6575,8.2,20.5,9.4,32.1,13.9,1.4,0,0.1,35.7,13.5,6.1,18.5,13.2
"209","44007018200","Census Tract 182, Providence County, Rhode Islan",0.7042,1.33,7.15,0.47,25.3,0,100,0,97.88,0,0,100,77.07,10.83,99.46,96.62,0,93.54,42.4,31.2421,17.6,8.4,62.8,37.8451,6.4,10.9,6.9,25.3,11.7,2.7,0,0,28.1,12.5,5.2,16.4,8.9
"210","44007018300","Census Tract 183, Providence County, Rhode Islan",0.8802,1.33,7.15,0.47,25.76,0,100,0,100,0,0,100,92.67,15.33,100,72.69,0,93.54,48.8,64.1945,33,7.1,83,48.4605,8.1,27.4,10,24.7,27.7,1.7,0.4,0,34.6,14.1,5.3,19.7,12.7
"211","44007018400","Census Tract 184, Providence County, Rhode Islan",0.857,1.33,7.17,0.37,25.01,0,79.69,0,68.07,0,0,98.25,80.17,11.17,14.53,99.05,0,93.54,35.6,40.1949,15.5,3.2,55.1,22.385,6.1,21.1,18.8,19.1,19.7,5.6,0,2.8,36,12.4,7.9,14.4,12.5
"212","44007018500","Census Tract 185, Providence County, Rhode Islan",0.8108,1.33,7.17,0.4,26.16,0,100,0,100,0,0,100,87.3,9.44,85.79,100,0,93.54,14.2,33.6384,14.5,2.8,37.5,42.8436,4.2,16.8,18.5,16.3,29.5,2.4,0,5.5,37,11.9,8.1,13.7,11.2
"213","44009041500","Census Tract 415, Washington County, Rhode Islan",0.5039,5.33,5.75,0.23,16.73,0,21.44,0,0,0,0,58.99,50.45,8.08,0,0,42.31,58.66,6.2,30.8952,2.6,4.4,33.2,30.4545,16.6,10,23.3,17.9,9.4,0,1.4,4.3,36,10.8,9.4,11.6,10.7
"214","44009050102","Census Tract 501.02, Washington County, Rhode Is",0.5734,3,6.17,0.35,22.44,16.31,81.84,0,8.93,0,0,54.32,57.27,8.5,80.41,90.99,3.55,58.28,4.1,11.0083,6,4,15.8,17.9138,1.4,9.5,20.1,18.8,8.9,0.6,0,0.5,32.4,10.7,9,10.8,9.1
"215","44009050103","Census Tract 501.03, Washington County, Rhode Is",0.8372,3,6.25,0.37,22.76,25.8,77.26,0,53.11,0,0,16.99,70.33,9.1,98.51,57.86,51.97,26.54,21.8,37.849,6.9,8.9,52.1,29.5775,4.8,13.1,18.7,23.1,20,2.3,9.3,0.1,32.5,12.2,7.9,14.8,10.8
"216","44009050104","Census Tract 501.04, Washington County, Rhode Is",0.4967,3,6.36,0.38,23.21,0.09,11.34,0,0.57,0,0,82.51,60,6.33,38.55,27.6,6.9,17,4.4,6.7416,3.6,0.9,4.8,16.3418,1.6,5.7,24.3,18.8,10.9,0,1.1,2.4,29.9,10.4,8.3,10.5,8
"217","44009050301","Census Tract 503.01, Washington County, Rhode Is",0.2617,2.67,6.09,0.34,21.83,0,5.93,0,0,0,0,81.93,60.05,9.83,81.86,96.48,0,51.09,6.6,10.5773,4.3,3.8,12.5,15.6671,0.7,8.7,18.1,19.3,11.6,0.1,1.4,3.1,30.9,10.9,8.2,11.8,8.4
"218","44009050302","Census Tract 503.02, Washington County, Rhode Is",0.2466,2.67,6.07,0.34,21.8,0,0.73,0,0,0,0,78.46,74.27,11.06,86.71,88.7,0,48.57,12.4,16.0821,2.4,1.4,27.8,20.8718,1.5,7.7,24.9,14.9,11.9,1.9,0,0.2,32.1,10.8,9.1,10.7,9.2
"219","44009050401","Census Tract 504.01, Washington County, Rhode Is",0.0819,2.67,5.96,0.29,20.49,0,0,0,0,0,0,21.05,41.47,5.58,44.97,54.84,0,65.2,6.9,7.5314,5.1,4.5,8.4,14.6311,2.1,4.4,12.4,25.3,8,1,0.5,0,27.3,10.6,7,11,7.2
"220","44009050402","Census Tract 504.02, Washington County, Rhode Is",0.0849,2.67,5.97,0.28,19.28,0,2.55,0,0,0,0,50.34,70.73,10.72,2.36,77.53,0,51.62,2.8,6.6238,2.5,4.6,20.8,25,2.8,5.1,19.9,15.8,12.4,0,0,0.7,30.9,10.2,9,10,8.4
"221","44009050500","Census Tract 505, Washington County, Rhode Islan",0.2622,2.67,5.92,0.2,20.42,0.86,6.76,0,0,0,0,54.65,54.72,7.61,6.97,12.55,0,66.69,7.5,12.2729,8.3,10.1,19.3,29.2289,0.7,9.5,17.7,16.3,10.8,0,10,5.1,29.5,11.1,7.3,12.4,8.3
"222","44009050600","Census Tract 506, Washington County, Rhode Islan",0.1971,2.67,5.87,0.21,19.92,0,15.3,0,0,0,0,57.16,50.48,6.17,14.7,43.52,8.74,88.06,5.3,8.6483,3.7,2.9,10.4,17.6966,1.8,7.9,14.9,19,11.8,0,2,0.8,28,11.1,7,12.7,7.8
"223","44009050700","Census Tract 507, Washington County, Rhode Islan",0.2251,2.67,5.94,0.19,19.95,0,21.37,0,0,0,0,45.47,60.76,6.72,8.72,42.35,0,78.99,4.8,19.9851,4.3,4.5,16.1,21.5019,3,10.4,16.4,20.2,9.5,0,1.7,0.1,31,11.3,7.8,13,9.2
"224","44009050801","Census Tract 508.01, Washington County, Rhode Is",0.6842,4,6.1,0.32,20.58,0,95.26,0,0,0,0,86.25,83.52,13.13,97.6,100,0,99.77,16.3,39.0201,7.4,12.6,62.8,40.7629,5.4,21.2,16.8,17,20.7,2.4,0,1.9,32,11.8,7.9,15.2,10.2
"225","44009050802","Census Tract 508.02, Washington County, Rhode Is",0.7064,4.67,6.1,0.24,19.68,0,56.11,0,0,0,0,79.97,69.88,8.75,44.22,75.99,69.06,99.72,12.6,20.8914,7.3,3,34.2,30.0826,3.1,16.4,23.6,14.2,12.6,3.8,1.3,1.4,36.1,11.2,9.8,12.2,10.9
"226","44009050901","Census Tract 509.01, Washington County, Rhode Is",0.5181,4,6.06,0.26,19.75,0,27.67,0,0,0,0,17.25,33.41,6.56,43.7,85.4,18.88,96.07,5.2,12.0251,9.6,7.3,25.8,22.5649,2.1,16,18.3,17.7,14.5,1.6,0,0.4,32.7,11.5,8.1,13.5,9.6
"227","44009050902","Census Tract 509.02, Washington County, Rhode Is",0.4011,4,6.01,0.21,19.1,0,10.4,0,0,0,0,81.21,46.44,6.5,27.86,42.37,24.36,87.86,5.6,14.3394,7.4,6.1,24,21.1456,2.1,8.1,22.2,21,9.8,0.6,0,1.3,33,11.4,8.3,12.8,9.6
"228","44009051000","Census Tract 510, Washington County, Rhode Islan",0.3311,4.67,6.05,0.26,19.11,0,0,0,0,0,0,30.78,66.27,6.3,0,24.61,9.75,49.56,1.9,18.5802,3.1,4.2,18.6,37.8691,1.4,11.4,38.9,12.8,8.6,0.6,1.9,2.9,40.8,10.2,12.6,9.2,11.7
"229","44009051101","Census Tract 511.01, Washington County, Rhode Is",0.2701,3.67,5.9,0.21,18.94,0,3.37,0,0,0,0,84.02,53.19,6.5,25.03,35.01,0,79.8,5.9,12.029,6.9,8.6,11.1,16.4926,3.5,9.8,23.1,16.2,10.9,0.2,3.1,1,32.6,11,8.6,11.9,9.5
"230","44009051102","Census Tract 511.02, Washington County, Rhode Is",0.2597,2.67,5.85,0.22,18.89,0,13.52,0,0,0,0,58.1,47.64,6.44,18.11,32.2,0,82.39,3.9,20.8414,3.3,5.2,22.8,31.7157,4,9.6,25.3,14.7,9.1,0,3.9,0.2,34.8,11.3,8.8,12.4,10.2
"231","44009051201","Census Tract 512.01, Washington County, Rhode Is",0.5052,2.67,5.84,0.29,19.27,17.52,85.77,0,0,0,0,48.06,50.62,9.42,99.54,20.36,0,83.61,23,25.689,7.8,9.4,30.5,25.1131,4.7,7.9,14.5,21.1,8.6,0.2,0,2,30.6,11.7,7.8,13.1,9.2
"232","44009051202","Census Tract 512.02, Washington County, Rhode Is",0.494,3,5.83,0.34,19.44,6.88,57.23,0,0,0,0,98.58,61.46,13.88,69.58,92.59,0,82.07,10.1,26.2798,5.3,7.7,40.3,26.7757,3.8,11.5,21.4,16.6,13,0.8,0,0.1,31.3,11.2,8.7,12.2,9.1
"233","44009051302","Census Tract 513.02, Washington County, Rhode Is",0.1753,3.67,5.81,0.28,18.95,0,0,0,0,0,0,70.36,64.96,5.44,0.33,58.84,0,39.95,2.9,11.6844,1.3,9.9,13.2,22.0551,2.7,6.4,28.2,13.6,11.7,0,9.2,0,32.8,10.4,9.2,10.6,9.1
"234","44009051304","Census Tract 513.04, Washington County, Rhode Is",0.1768,3,5.83,0.23,19,0,0.04,0,0,0,0,44.22,38.21,5.5,3.01,60.68,0,68.39,3.5,9.541,2.5,1.8,8.7,19.8007,0.3,10.7,32.1,15.9,12.8,0,9.4,0.3,34.3,10.6,9.7,10.4,9.6
"235","44009051305","Census Tract 513.05, Washington County, Rhode Is",0.483,2.67,5.86,0.28,19.56,25.45,12.83,0,0,0,0,28.07,44.23,7.67,4.35,92.22,0,77.97,7.8,16.4447,5.2,2.3,33.1,27.3211,3.7,12.4,29.3,15.4,15.2,0.4,0.6,3.3,32.5,10.7,9.1,11.1,9.1
"236","44009051306","Census Tract 513.06, Washington County, Rhode Is",0.3324,2.33,5.86,0.22,19.61,4.12,19.36,0,0,0,0,57.88,48.56,7.83,52.97,42.04,2.65,84.02,9.8,11.43,3.3,3.7,23.6,16.028,3.3,6.2,20.1,20.3,4.5,0.9,0,2,28.6,10.3,7.7,10.8,7.8
"237","44009051400","Census Tract 514, Washington County, Rhode Islan",0.4765,2.33,5.88,0.24,19.87,88.02,1.91,0,0,0,0,3.16,56.84,17,86.64,73.45,0,82.67,24.8,42.1053,10.8,14.9,48.4,39.8693,2.7,6.5,1.2,1.9,8,0.5,0,93.7,11.2,15,1.1,24.9,2.2
"238","44009051502","Census Tract 515.02, Washington County, Rhode Is",0.0407,3.67,5.87,0.29,18.79,0,43.49,0,0,0,0,71.43,51.01,12.13,0,27.56,0,51.53,4.2,17.9409,2.2,3.5,19.8,17.8221,0.6,5.9,17.6,14.7,9,0.5,0,0,27.4,10.8,7.1,12,7.4
"239","44009051503","Census Tract 515.03, Washington County, Rhode Is",0.2577,4,5.81,0.4,19.53,0,0,0,0,0,0,92.4,62.41,12.39,1.21,33.64,0,58.58,8.5,33.8911,3.9,5.9,43,36.6577,1.4,14.4,27.9,7.1,10.8,0.1,0,1.6,29.9,11.6,7.9,13.1,8.9
"240","44009051504","Census Tract 515.04, Washington County, Rhode Is",0.2684,3.67,5.79,0.37,18.92,0,0,0,0,0,0,99.8,64.42,13,1.59,14.83,0,41.23,10.7,31.6599,1.6,5.4,33.3,40.7647,0.8,12.6,33,11.9,10.9,1.7,2.1,0.2,29.6,11.8,7.5,13.8,9.3
