"","fips","location","rpl_themes","e_pov150","e_unemp","e_hburd","e_nohsdp","e_uninsur","e_age65","e_age17","e_disabl","e_sngpnt","e_limeng","e_minrty","e_munit","e_mobile","e_crowd","e_noveh","e_groupq"
"1","44001030100","Census Tract 301; Bristol County; Rhode Island",0.2898,509,61,417,105,38,760,1272,367,181,51,881,166,0,31,59,49
"2","44001030200","Census Tract 302; Bristol County; Rhode Island",0.0531,148,93,178,53,84,413,911,224,116,2,443,0,0,0,32,28
"3","44001030300","Census Tract 303; Bristol County; Rhode Island",0.0163,414,60,290,46,93,777,1219,415,72,12,533,0,0,0,12,20
"4","44001030400","Census Tract 304; Bristol County; Rhode Island",0,84,22,83,22,0,714,1358,158,67,14,233,0,0,0,6,22
"5","44001030500","Census Tract 305; Bristol County; Rhode Island",0.6939,838,150,786,380,42,768,220,573,80,193,255,177,0,25,387,18
"6","44001030601","Census Tract 306.01; Bristol County; Rhode Island",0.098,242,94,164,220,195,762,582,413,7,9,319,71,0,0,13,52
"7","44001030602","Census Tract 306.02; Bristol County; Rhode Island",0.3633,587,144,480,232,84,1331,514,577,36,10,368,342,0,0,276,155
"8","44001030700","Census Tract 307; Bristol County; Rhode Island",0.7388,933,151,551,135,114,490,553,499,136,83,742,390,0,0,327,15
"9","44001030800","Census Tract 308; Bristol County; Rhode Island",0.0776,207,148,296,253,152,916,524,572,40,39,581,178,0,0,17,2864
"10","44001030901","Census Tract 309.01; Bristol County; Rhode Island",0.0939,348,47,430,619,111,1234,1169,495,24,150,198,44,0,11,0,207
"11","44001030902","Census Tract 309.02; Bristol County; Rhode Island",0.1878,690,141,686,320,128,1983,882,915,111,22,583,215,0,0,46,539
"12","44003020101","Census Tract 201.01; Kent County; Rhode Island",0.6204,990,244,833,587,149,1580,1073,942,278,203,1429,1000,0,83,251,5
"13","44003020102","Census Tract 201.02; Kent County; Rhode Island",0.6286,897,179,805,193,193,1255,820,826,44,0,1144,468,0,44,120,105
"14","44003020200","Census Tract 202; Kent County; Rhode Island",0.649,740,73,609,276,364,730,1085,689,224,25,920,767,0,91,275,25
"15","44003020300","Census Tract 203; Kent County; Rhode Island",0.6408,1719,74,1257,480,43,888,1176,1160,226,120,629,481,0,71,537,14
"16","44003020400","Census Tract 204; Kent County; Rhode Island",0.5633,647,127,431,432,217,421,568,337,88,34,552,0,0,124,51,14
"17","44003020500","Census Tract 205; Kent County; Rhode Island",0.3306,498,105,618,173,226,773,564,499,44,10,1283,220,0,27,178,27
"18","44003020601","Census Tract 206.01; Kent County; Rhode Island",0.1265,633,155,358,501,115,698,1267,593,137,0,329,155,0,29,19,173
"19","44003020602","Census Tract 206.02; Kent County; Rhode Island",0.5061,542,61,426,198,126,675,523,480,79,12,282,7,366,70,17,10
"20","44003020603","Census Tract 206.03; Kent County; Rhode Island",0.3347,1251,148,748,368,132,1381,876,1327,54,93,459,245,71,0,114,6
"21","44003020604","Census Tract 206.04; Kent County; Rhode Island",0.6571,1191,120,908,269,119,835,1114,1156,469,80,1083,563,0,12,140,28
"22","44003020701","Census Tract 207.01; Kent County; Rhode Island",0.3551,135,37,110,157,117,357,452,414,23,30,133,0,0,0,25,36
"23","44003020702","Census Tract 207.02; Kent County; Rhode Island",0.2122,512,35,289,197,125,1100,961,789,71,7,240,0,144,6,24,61
"24","44003020703","Census Tract 207.03; Kent County; Rhode Island",0.249,452,143,475,140,88,1315,1527,647,71,3,531,190,187,49,75,153
"25","44003020800","Census Tract 208; Kent County; Rhode Island",0.2245,280,326,334,464,140,1159,1178,710,31,24,832,119,70,0,72,41
"26","44003020901","Census Tract 209.01; Kent County; Rhode Island",0.1347,344,116,459,58,35,601,683,417,38,7,673,309,0,0,208,15
"27","44003020903","Census Tract 209.03; Kent County; Rhode Island",0.2204,578,61,197,153,0,903,1761,622,15,33,1084,84,53,39,110,103
"28","44003020904","Census Tract 209.04; Kent County; Rhode Island",0.0612,126,16,199,53,0,825,1184,398,15,11,714,93,0,0,92,90
"29","44003021001","Census Tract 210.01; Kent County; Rhode Island",0.498,248,97,272,176,49,462,479,534,73,25,513,45,0,35,30,0
"30","44003021002","Census Tract 210.02; Kent County; Rhode Island",0.5306,660,119,700,107,347,856,770,635,233,15,588,325,0,23,79,21
"31","44003021100","Census Tract 211; Kent County; Rhode Island",0.4367,1101,166,739,46,98,865,840,794,202,0,450,387,0,0,207,24
"32","44003021200","Census Tract 212; Kent County; Rhode Island",0.4571,249,115,517,213,279,612,575,448,58,108,1221,203,0,24,9,11
"33","44003021300","Census Tract 213; Kent County; Rhode Island",0.4286,397,81,566,91,166,933,815,656,147,27,467,43,54,47,44,38
"34","44003021401","Census Tract 214.01; Kent County; Rhode Island",0.1796,251,110,269,241,300,749,697,496,54,28,497,59,0,0,58,41
"35","44003021402","Census Tract 214.02; Kent County; Rhode Island",0.6653,545,272,473,303,200,537,949,450,45,6,468,172,15,7,45,37
"36","44003021501","Census Tract 215.01; Kent County; Rhode Island",0.6,559,191,473,202,110,570,494,699,71,87,508,14,0,14,74,24
"37","44003021502","Census Tract 215.02; Kent County; Rhode Island",0.2694,741,109,449,350,155,823,734,743,36,0,394,51,0,0,38,13
"38","44003021600","Census Tract 216; Kent County; Rhode Island",0.1143,109,22,159,58,19,505,294,287,0,5,173,0,0,4,14,7
"39","44003021700","Census Tract 217; Kent County; Rhode Island",0.302,723,276,641,300,126,1036,871,686,91,66,801,0,0,0,35,12
"40","44003021800","Census Tract 218; Kent County; Rhode Island",0.6531,586,10,580,440,132,1145,555,715,56,107,667,576,0,37,187,13
"41","44003021901","Census Tract 219.01; Kent County; Rhode Island",0.3429,490,53,432,290,51,529,801,454,77,57,802,58,0,0,40,0
"42","44003021902","Census Tract 219.02; Kent County; Rhode Island",0.2735,213,126,287,273,150,497,531,280,15,13,471,176,0,65,54,34
"43","44003021903","Census Tract 219.03; Kent County; Rhode Island",0.1469,218,55,258,112,102,906,686,642,63,16,421,43,0,10,93,10
"44","44003022000","Census Tract 220; Kent County; Rhode Island",0.4653,569,27,462,60,128,832,555,482,57,0,590,382,0,13,105,128
"45","44003022100","Census Tract 221; Kent County; Rhode Island",0.351,657,33,800,319,66,1310,1082,862,101,5,830,218,0,0,89,169
"46","44003022201","Census Tract 222.01; Kent County; Rhode Island",0.1918,887,147,664,141,359,1267,1457,728,81,42,960,622,0,0,119,5
"47","44003022202","Census Tract 222.02; Kent County; Rhode Island",0.7143,947,160,1271,346,45,1428,390,970,111,6,514,1590,0,12,329,113
"48","44003022300","Census Tract 223; Kent County; Rhode Island",0.8408,1105,130,710,343,189,1107,659,1099,19,50,919,872,130,100,377,11
"49","44003022400","Census Tract 224; Kent County; Rhode Island",0.0408,248,26,431,70,44,704,255,250,12,0,94,83,0,0,14,0
"50","44005040101","Census Tract 401.01; Newport County; Rhode Island",0.4082,505,167,235,122,204,1140,965,631,25,8,548,0,49,10,95,207
"51","44005040102","Census Tract 401.02; Newport County; Rhode Island",0.0082,329,72,414,238,35,1546,1045,490,24,0,238,70,0,0,22,8
"52","44005040104","Census Tract 401.04; Newport County; Rhode Island",0.1837,245,49,471,111,81,1394,1200,435,85,3,830,240,180,0,134,58
"53","44005040105","Census Tract 401.05; Newport County; Rhode Island",0.3673,248,45,124,61,21,380,290,329,17,13,111,109,0,0,73,100
"54","44005040200","Census Tract 402; Newport County; Rhode Island",0.2612,179,17,200,30,61,91,358,83,51,0,910,11,0,6,6,6
"55","44005040302","Census Tract 403.02; Newport County; Rhode Island",0.6776,403,121,286,137,280,593,618,345,34,155,1147,71,116,0,73,11
"56","44005040303","Census Tract 403.03; Newport County; Rhode Island",0.4612,613,79,455,113,53,423,740,345,294,13,693,288,0,0,18,34
"57","44005040304","Census Tract 403.04; Newport County; Rhode Island",0.8,439,84,415,307,177,823,510,486,72,103,930,326,73,27,207,85
"58","44005040400","Census Tract 404; Newport County; Rhode Island",0.2245,437,93,520,178,107,1910,930,729,68,40,352,188,90,0,56,196
"59","44005040500","Census Tract 405; Newport County; Rhode Island",0.8776,1274,172,668,366,254,466,1362,955,452,225,1695,346,0,67,347,7
"60","44005040600","Census Tract 406; Newport County; Rhode Island",0.4857,1079,281,602,73,224,878,525,580,138,40,1210,154,0,0,285,10
"61","44005040700","Census Tract 407; Newport County; Rhode Island",0.1306,346,182,416,79,194,1067,264,347,14,0,442,0,0,0,56,24
"62","44005040800","Census Tract 408; Newport County; Rhode Island",0.5959,494,174,413,93,77,705,189,288,23,15,342,251,0,0,274,209
"63","44005040900","Census Tract 409; Newport County; Rhode Island",0.4204,555,232,455,34,248,1023,569,387,61,143,598,115,0,22,42,1382
"64","44005041000","Census Tract 410; Newport County; Rhode Island",0.6041,326,84,263,152,93,488,60,246,13,27,458,385,0,0,327,113
"65","44005041100","Census Tract 411; Newport County; Rhode Island",0.5551,263,128,323,32,43,413,219,120,18,0,482,223,0,24,80,0
"66","44005041200","Census Tract 412; Newport County; Rhode Island",0.8327,239,26,101,43,61,52,303,151,80,13,857,101,0,2,47,1226
"67","44005041300","Census Tract 413; Newport County; Rhode Island",0.0694,467,189,492,103,32,1836,782,504,0,0,283,47,47,0,84,21
"68","44005041400","Census Tract 414; Newport County; Rhode Island",0.0898,255,123,230,62,76,1302,454,341,52,0,85,0,44,8,70,0
"69","44005041601","Census Tract 416.01; Newport County; Rhode Island",0.4449,617,62,317,230,182,474,561,469,68,75,262,214,0,59,74,0
"70","44005041602","Census Tract 416.02; Newport County; Rhode Island",0.2041,373,95,286,169,195,1454,597,573,51,0,531,251,0,12,154,78
"71","44005041701","Census Tract 417.01; Newport County; Rhode Island",0.5796,430,29,444,344,145,1047,507,553,0,59,388,164,115,36,99,13
"72","44005041702","Census Tract 417.02; Newport County; Rhode Island",0.1592,140,402,193,257,158,916,813,228,5,40,135,16,163,9,12,16
"73","44007000101","Census Tract 1.01; Providence County; Rhode Island",0.9224,1373,317,598,811,101,706,830,715,201,379,2786,0,44,36,99,690
"74","44007000102","Census Tract 1.02; Providence County; Rhode Island",0.7837,1306,235,675,803,221,695,1105,839,242,904,4804,157,0,78,91,5
"75","44007000200","Census Tract 2; Providence County; Rhode Island",0.8531,2896,182,1221,985,643,569,1471,1586,196,1901,5924,359,0,0,483,45
"76","44007000301","Census Tract 3.01; Providence County; Rhode Island",0.9184,1053,119,427,251,151,185,568,662,170,546,2482,133,0,113,199,97
"77","44007000302","Census Tract 3.02; Providence County; Rhode Island",0.8653,1671,114,851,919,868,431,1605,550,186,1460,4739,163,0,48,145,29
"78","44007000400","Census Tract 4; Providence County; Rhode Island",0.9388,2148,368,626,798,528,511,1370,415,268,834,4076,0,0,74,237,81
"79","44007000500","Census Tract 5; Providence County; Rhode Island",0.9306,1522,169,526,735,474,416,1167,419,158,878,3643,128,0,83,194,0
"80","44007000600","Census Tract 6; Providence County; Rhode Island",0.8286,772,54,404,693,29,267,548,239,61,547,2116,102,0,94,56,224
"81","44007000700","Census Tract 7; Providence County; Rhode Island",0.9837,1329,133,756,643,133,273,490,539,137,294,2310,518,0,33,580,183
"82","44007000800","Census Tract 8; Providence County; Rhode Island",0.8367,1115,200,807,369,225,688,154,986,33,373,2429,2563,0,117,1053,1462
"83","44007000900","Census Tract 9; Providence County; Rhode Island",0.8163,570,61,204,365,142,1210,84,219,74,35,591,327,12,0,328,1441
"84","44007001000","Census Tract 10; Providence County; Rhode Island",0.7959,1017,190,577,253,137,329,318,425,31,369,1168,475,0,42,383,0
"85","44007001100","Census Tract 11; Providence County; Rhode Island",0.3796,515,92,238,70,52,172,173,442,44,91,955,288,0,14,218,4
"86","44007001200","Census Tract 12; Providence County; Rhode Island",0.9878,2087,234,507,716,473,457,1506,479,285,1131,3622,457,0,172,344,105
"87","44007001300","Census Tract 13; Providence County; Rhode Island",0.6694,847,58,333,491,328,456,739,431,63,462,2178,234,0,39,126,36
"88","44007001400","Census Tract 14; Providence County; Rhode Island",0.9796,2362,324,693,1622,766,865,1775,1161,474,1424,6165,333,0,73,612,104
"89","44007001500","Census Tract 15; Providence County; Rhode Island",0.6816,786,93,282,556,316,509,620,269,54,435,2342,0,0,82,56,8
"90","44007001601","Census Tract 16.01; Providence County; Rhode Island",0.8857,1058,0,314,460,811,267,977,456,93,736,3174,159,0,71,187,32
"91","44007001602","Census Tract 16.02; Providence County; Rhode Island",0.7592,1393,233,617,812,358,593,1518,258,92,890,4435,0,0,101,133,0
"92","44007001700","Census Tract 17; Providence County; Rhode Island",0.7633,1116,373,669,369,136,326,1285,435,116,482,3786,49,0,43,97,13
"93","44007001800","Census Tract 18; Providence County; Rhode Island",0.9469,2644,294,792,934,1017,359,1664,1023,638,1110,6287,335,18,276,314,0
"94","44007001900","Census Tract 19; Providence County; Rhode Island",0.898,1866,289,757,229,153,476,1395,619,280,464,3284,827,0,154,307,58
"95","44007002000","Census Tract 20; Providence County; Rhode Island",0.8816,2743,319,643,378,146,516,2672,643,437,432,5106,544,0,185,342,954
"96","44007002101","Census Tract 21.01; Providence County; Rhode Island",0.6245,622,50,482,408,71,421,507,599,54,293,1850,0,0,23,140,6
"97","44007002102","Census Tract 21.02; Providence County; Rhode Island",0.7429,1183,167,635,804,202,619,1768,1026,577,562,5580,107,0,114,261,8
"98","44007002200","Census Tract 22; Providence County; Rhode Island",0.7469,1739,101,402,872,519,231,1857,482,305,638,5088,11,0,300,155,11
"99","44007002300","Census Tract 23; Providence County; Rhode Island",0.4776,827,250,613,202,256,846,478,616,0,74,1432,83,0,0,185,301
"100","44007002400","Census Tract 24; Providence County; Rhode Island",0.3102,1364,81,713,114,245,974,1091,982,339,130,3265,55,0,0,112,2954
"101","44007002500","Census Tract 25; Providence County; Rhode Island",0.5796,868,41,448,209,62,150,437,357,43,85,1368,1178,0,50,241,125
"102","44007002600","Census Tract 26; Providence County; Rhode Island",0.8571,1051,210,347,265,286,549,499,562,22,337,2131,267,0,75,349,0
"103","44007002700","Census Tract 27; Providence County; Rhode Island",1,2337,247,789,729,452,739,1076,1341,362,654,4116,395,0,137,504,175
"104","44007002801","Census Tract 28.01; Providence County; Rhode Island",0.8041,1137,155,318,124,794,329,1043,1059,200,196,2750,117,0,45,91,12
"105","44007002802","Census Tract 28.02; Providence County; Rhode Island",0.9347,943,151,672,434,162,433,493,655,54,191,2375,629,0,136,313,28
"106","44007002900","Census Tract 29; Providence County; Rhode Island",0.8612,2669,100,1373,811,324,830,1957,1081,507,749,5160,431,0,254,431,32
"107","44007003100","Census Tract 31; Providence County; Rhode Island",0.7551,1177,102,920,328,167,913,674,762,118,93,1846,732,0,0,692,337
"108","44007003200","Census Tract 32; Providence County; Rhode Island",0.0816,519,19,292,98,120,326,765,204,80,92,780,73,0,0,17,0
"109","44007003300","Census Tract 33; Providence County; Rhode Island",0.3143,518,153,459,154,138,790,647,423,132,68,881,85,0,0,130,248
"110","44007003400","Census Tract 34; Providence County; Rhode Island",0.1714,348,114,175,45,96,1018,1057,523,15,27,1281,266,0,15,129,71
"111","44007003500","Census Tract 35; Providence County; Rhode Island",0.4531,1389,62,959,206,104,1268,405,402,22,55,1306,795,0,0,604,121
"112","44007003601","Census Tract 36.01; Providence County; Rhode Island",0.502,477,259,408,43,81,165,80,228,0,24,1154,222,0,0,150,1082
"113","44007003602","Census Tract 36.02; Providence County; Rhode Island",0.1184,295,171,147,6,202,324,187,360,0,18,2333,43,0,0,41,4592
"114","44007003700","Census Tract 37; Providence County; Rhode Island",0.551,1077,125,483,159,315,278,160,429,25,86,1279,191,0,69,427,55
"115","44007010101","Census Tract 101.01; Providence County; Rhode Island",0.3265,434,69,423,328,152,663,844,625,47,112,489,202,0,7,18,19
"116","44007010102","Census Tract 101.02; Providence County; Rhode Island",0.6735,472,198,476,180,269,824,677,479,72,34,206,406,100,25,104,0
"117","44007010200","Census Tract 102; Providence County; Rhode Island",0.7673,1143,37,916,897,351,1275,923,774,157,323,2451,319,0,43,397,145
"118","44007010300","Census Tract 103; Providence County; Rhode Island",0.7306,969,142,535,744,151,818,673,710,102,224,1100,509,0,0,211,19
"119","44007010400","Census Tract 104; Providence County; Rhode Island",0.8735,1051,128,1136,809,288,1602,1184,1372,177,509,1824,918,0,163,579,119
"120","44007010501","Census Tract 105.01; Providence County; Rhode Island",0.698,1134,119,579,659,130,859,906,573,186,112,1348,484,0,7,227,208
"121","44007010502","Census Tract 105.02; Providence County; Rhode Island",0.5714,624,213,733,409,148,1074,657,575,18,18,1525,445,0,21,79,183
"122","44007010600","Census Tract 106; Providence County; Rhode Island",0.5265,1123,316,1001,504,98,1338,873,1074,0,55,1167,623,0,17,217,19
"123","44007010701","Census Tract 107.01; Providence County; Rhode Island",0.3959,254,32,318,148,57,621,258,210,48,54,304,161,0,0,27,21
"124","44007010702","Census Tract 107.02; Providence County; Rhode Island",0.0653,248,188,368,227,97,797,786,426,11,56,246,64,0,0,17,7
"125","44007010800","Census Tract 108; Providence County; Rhode Island",0.9755,2383,185,1162,1204,722,405,1675,1052,176,852,4274,451,0,79,714,106
"126","44007010900","Census Tract 109; Providence County; Rhode Island",0.9143,1814,141,650,1268,982,717,1434,455,153,1096,4273,184,0,69,262,558
"127","44007011000","Census Tract 110; Providence County; Rhode Island",0.8898,3345,249,1078,1837,802,402,2114,1014,189,836,5900,156,0,219,437,0
"128","44007011100","Census Tract 111; Providence County; Rhode Island",0.9592,1452,296,828,806,701,385,1078,766,218,547,3686,196,0,39,498,6
"129","44007011200","Census Tract 112; Providence County; Rhode Island",0.7714,945,14,747,989,996,866,828,963,148,652,1604,349,0,95,335,59
"130","44007011301","Census Tract 113.01; Providence County; Rhode Island",0.1551,583,63,409,333,19,724,1079,357,199,96,582,198,0,0,32,0
"131","44007011302","Census Tract 113.02; Providence County; Rhode Island",0.1429,298,159,325,356,193,825,905,500,78,49,447,0,0,7,35,2
"132","44007011402","Census Tract 114.02; Providence County; Rhode Island",0.2776,132,53,229,83,78,650,892,431,71,19,487,167,41,33,50,110
"133","44007011403","Census Tract 114.03; Providence County; Rhode Island",0.2857,996,132,872,478,193,1193,1775,832,184,50,1798,306,0,0,126,41
"134","44007011404","Census Tract 114.04; Providence County; Rhode Island",0.0571,128,86,254,49,51,1251,1032,535,38,17,501,174,0,0,71,14
"135","44007011405","Census Tract 114.05; Providence County; Rhode Island",0.298,296,47,304,220,38,911,1035,562,26,22,577,497,0,21,118,64
"136","44007011500","Census Tract 115; Providence County; Rhode Island",0.6163,761,196,769,470,250,1677,1333,855,134,19,1335,623,0,0,277,215
"137","44007011600","Census Tract 116; Providence County; Rhode Island",0.4245,395,192,306,325,95,1493,1636,883,95,27,1020,107,51,119,27,22
"138","44007011701","Census Tract 117.01; Providence County; Rhode Island",0.6286,732,228,399,336,292,902,922,600,162,161,950,114,0,28,163,14
"139","44007011702","Census Tract 117.02; Providence County; Rhode Island",0.5429,408,145,351,357,164,727,883,625,132,92,553,88,0,39,68,20
"140","44007011800","Census Tract 118; Providence County; Rhode Island",0.7755,1945,198,979,675,292,1322,1613,1105,264,167,2226,544,0,20,221,62
"141","44007011901","Census Tract 119.01; Providence County; Rhode Island",0.6449,369,300,384,242,32,548,709,527,134,100,1016,346,0,0,96,1
"142","44007011902","Census Tract 119.02; Providence County; Rhode Island",0.2367,241,57,488,111,174,1351,879,916,87,45,1541,335,0,0,72,0
"143","44007012000","Census Tract 120; Providence County; Rhode Island",0.5184,891,332,567,217,77,1228,1073,627,121,171,1482,360,0,34,208,279
"144","44007012102","Census Tract 121.02; Providence County; Rhode Island",0.7224,654,126,617,339,151,566,900,570,225,23,1067,526,9,37,80,6
"145","44007012103","Census Tract 121.03; Providence County; Rhode Island",0.6898,909,44,463,183,213,749,433,591,63,8,1214,981,0,5,291,144
"146","44007012104","Census Tract 121.04; Providence County; Rhode Island",0.6857,853,81,499,434,100,805,966,543,283,58,1965,576,0,218,228,12
"147","44007012200","Census Tract 122; Providence County; Rhode Island",0.3837,421,232,502,504,39,1595,1238,1428,93,114,1046,337,0,19,52,275
"148","44007012300","Census Tract 123; Providence County; Rhode Island",0.3878,994,477,553,317,360,1238,1426,472,47,21,1829,104,0,23,77,31
"149","44007012401","Census Tract 124.01; Providence County; Rhode Island",0.3918,657,96,748,523,219,1477,1393,1076,110,239,1607,141,0,7,12,189
"150","44007012402","Census Tract 124.02; Providence County; Rhode Island",0.2408,113,87,389,80,109,431,600,269,17,6,1036,49,7,0,22,9
"151","44007012500","Census Tract 125; Providence County; Rhode Island",0.8245,1158,215,753,349,153,1522,816,910,316,314,1095,660,0,87,182,162
"152","44007012601","Census Tract 126.01; Providence County; Rhode Island",0.2,93,126,94,187,128,392,417,437,28,14,1092,43,0,20,58,3058
"153","44007012602","Census Tract 126.02; Providence County; Rhode Island",0.5102,763,449,909,424,203,1510,1430,744,122,120,535,622,0,0,236,85
"154","44007012701","Census Tract 127.01; Providence County; Rhode Island",0.4327,364,57,548,298,30,1670,816,818,110,66,375,332,0,0,155,612
"155","44007012702","Census Tract 127.02; Providence County; Rhode Island",0.3429,173,117,426,199,147,1254,813,905,75,5,345,163,23,0,75,38
"156","44007012801","Census Tract 128.01; Providence County; Rhode Island",0.4,284,141,609,317,141,1257,656,673,65,6,206,512,0,0,63,219
"157","44007012802","Census Tract 128.02; Providence County; Rhode Island",0.3592,214,73,292,117,106,477,415,389,53,28,136,89,0,10,45,25
"158","44007012803","Census Tract 128.03; Providence County; Rhode Island",0.1959,596,50,385,216,148,1041,1149,940,130,29,365,17,0,18,34,53
"159","44007012900","Census Tract 129; Providence County; Rhode Island",0.7184,864,154,534,224,74,972,1092,834,218,267,953,328,0,15,181,76
"160","44007013001","Census Tract 130.01; Providence County; Rhode Island",0.2163,234,198,138,87,307,560,545,865,83,0,124,0,17,0,24,160
"161","44007013002","Census Tract 130.02; Providence County; Rhode Island",0.3061,376,273,337,456,191,1161,1466,764,80,26,490,11,153,11,167,167
"162","44007013101","Census Tract 131.01; Providence County; Rhode Island",0.0204,345,48,372,135,0,978,982,669,44,0,110,10,0,45,33,0
"163","44007013102","Census Tract 131.02; Providence County; Rhode Island",0.0857,496,91,329,179,37,675,1211,549,75,0,150,17,267,0,16,29
"164","44007013201","Census Tract 132.01; Providence County; Rhode Island",0.0286,259,86,299,130,86,1104,729,652,45,48,347,44,0,17,52,2
"165","44007013202","Census Tract 132.02; Providence County; Rhode Island",0.0122,451,69,492,123,72,1297,912,469,0,36,485,16,0,0,17,5
"166","44007013300","Census Tract 133; Providence County; Rhode Island",0.1633,454,11,217,238,130,800,908,498,90,11,549,31,0,34,55,4
"167","44007013400","Census Tract 134; Providence County; Rhode Island",0.4408,718,106,480,113,23,829,895,472,87,53,640,151,0,0,149,62
"168","44007013500","Census Tract 135; Providence County; Rhode Island",0.7918,1113,233,873,231,224,743,729,520,154,159,1978,336,0,22,421,436
"169","44007013600","Census Tract 136; Providence County; Rhode Island",0.3755,216,110,193,251,337,271,832,163,133,132,1531,21,0,0,0,16
"170","44007013701","Census Tract 137.01; Providence County; Rhode Island",0.702,789,215,408,279,378,448,1090,410,122,225,2136,41,13,22,152,14
"171","44007013702","Census Tract 137.02; Providence County; Rhode Island",0.5347,691,314,356,171,376,491,770,342,28,156,1455,0,0,11,48,18
"172","44007013800","Census Tract 138; Providence County; Rhode Island",0.2449,431,61,473,220,136,645,593,817,90,230,1370,230,0,18,142,3
"173","44007013900","Census Tract 139; Providence County; Rhode Island",0.5918,222,58,470,135,63,880,618,493,43,109,717,494,0,23,110,23
"174","44007014000","Census Tract 140; Providence County; Rhode Island",0.6612,990,224,668,659,294,965,1531,576,105,330,2775,249,42,77,74,12
"175","44007014100","Census Tract 141; Providence County; Rhode Island",0.8694,1111,221,779,581,486,700,1201,492,173,546,3338,292,0,93,225,0
"176","44007014200","Census Tract 142; Providence County; Rhode Island",0.449,325,60,225,705,59,580,446,191,57,64,2011,34,0,9,19,2849
"177","44007014300","Census Tract 143; Providence County; Rhode Island",0.5878,300,218,596,188,231,1197,1138,546,69,80,1435,539,0,17,222,2
"178","44007014400","Census Tract 144; Providence County; Rhode Island",0.3714,339,50,422,125,67,804,637,525,36,20,466,443,5,0,61,43
"179","44007014501","Census Tract 145.01; Providence County; Rhode Island",0.0245,285,111,162,72,108,848,887,353,0,49,412,0,0,10,33,34
"180","44007014502","Census Tract 145.02; Providence County; Rhode Island",0.4939,619,70,692,513,421,821,616,600,75,106,411,274,0,9,76,18
"181","44007014600","Census Tract 146; Providence County; Rhode Island",0.1755,410,21,477,313,194,1082,1375,871,49,196,1123,18,15,0,50,68
"182","44007014700","Census Tract 147; Providence County; Rhode Island",0.9265,2258,331,1296,1254,857,1225,2007,1596,400,1114,4882,605,0,78,516,50
"183","44007014800","Census Tract 148; Providence County; Rhode Island",0.2653,576,51,672,131,142,1113,831,416,129,127,1181,437,0,15,15,125
"184","44007015000","Census Tract 150; Providence County; Rhode Island",0.5592,626,113,447,560,124,397,1134,498,76,344,2488,75,14,11,115,0
"185","44007015100","Census Tract 151; Providence County; Rhode Island",0.9102,1495,105,838,853,105,629,1072,652,210,457,3227,453,19,86,357,0
"186","44007015200","Census Tract 152; Providence County; Rhode Island",0.9714,1475,74,881,914,49,859,434,969,96,399,2017,1350,0,181,825,127
"187","44007015300","Census Tract 153; Providence County; Rhode Island",0.9429,1078,142,406,356,316,222,928,458,190,217,1992,191,0,45,194,0
"188","44007015400","Census Tract 154; Providence County; Rhode Island",0.8204,285,135,276,339,127,136,494,313,72,198,1485,112,0,19,55,41
"189","44007015500","Census Tract 155; Providence County; Rhode Island",0.6082,1207,312,656,536,115,314,857,562,209,184,2887,70,0,19,67,3
"190","44007015600","Census Tract 156; Providence County; Rhode Island",0.4816,311,94,223,91,72,239,481,339,29,25,1373,142,0,44,186,4
"191","44007015700","Census Tract 157; Providence County; Rhode Island",0.4898,436,110,403,454,145,842,689,465,42,65,848,10,0,23,70,2
"192","44007015800","Census Tract 158; Providence County; Rhode Island",0.5224,482,86,336,310,158,613,892,562,62,39,1211,11,0,56,110,13
"193","44007015900","Census Tract 159; Providence County; Rhode Island",0.7102,913,118,519,585,162,305,756,294,403,163,1230,238,0,21,38,0
"194","44007016000","Census Tract 160; Providence County; Rhode Island",0.8122,753,119,701,389,121,423,525,623,109,254,2020,347,0,83,288,9
"195","44007016100","Census Tract 161; Providence County; Rhode Island",0.8449,1498,139,671,711,436,508,1189,694,152,655,4035,278,0,57,344,34
"196","44007016300","Census Tract 163; Providence County; Rhode Island",0.4122,495,95,416,162,23,366,521,501,0,202,1695,71,0,0,86,3
"197","44007016400","Census Tract 164; Providence County; Rhode Island",0.9551,1770,405,1083,1034,335,450,1293,680,395,277,3823,209,1,77,405,79
"198","44007016500","Census Tract 165; Providence County; Rhode Island",0.4694,509,105,427,142,77,828,654,493,38,101,610,209,10,29,122,0
"199","44007016600","Census Tract 166; Providence County; Rhode Island",0.7347,444,100,155,285,91,263,368,265,64,131,1236,23,0,12,35,133
"200","44007016700","Census Tract 167; Providence County; Rhode Island",0.8939,1007,235,879,326,239,295,903,617,276,112,2407,121,0,55,264,40
"201","44007016800","Census Tract 168; Providence County; Rhode Island",0.5469,499,55,327,317,158,477,654,459,107,140,812,35,0,6,96,0
"202","44007016900","Census Tract 169; Providence County; Rhode Island",0.0735,97,19,172,103,137,391,294,174,12,10,375,0,0,0,29,4
"203","44007017000","Census Tract 170; Providence County; Rhode Island",0.7878,552,100,457,573,228,694,744,571,184,367,2265,504,107,31,36,128
"204","44007017100","Census Tract 171; Providence County; Rhode Island",0.9061,1289,234,603,656,236,574,1096,681,212,332,2708,246,72,101,248,68
"205","44007017300","Census Tract 173; Providence County; Rhode Island",0.7796,741,96,251,293,92,324,1059,690,117,77,1208,37,8,288,178,2
"206","44007017400","Census Tract 174; Providence County; Rhode Island",0.951,1760,157,590,450,276,537,1238,1125,482,265,2468,133,0,40,433,137
"207","44007017500","Census Tract 175; Providence County; Rhode Island",0.7265,541,160,460,375,387,329,724,671,138,113,984,9,0,0,48,32
"208","44007017600","Census Tract 176; Providence County; Rhode Island",0.902,1290,123,500,324,115,296,723,909,112,242,1572,72,0,9,240,91
"209","44007017700","Census Tract 177; Providence County; Rhode Island",0.4735,449,301,324,271,282,681,652,438,44,205,833,21,0,0,49,25
"210","44007017800","Census Tract 178; Providence County; Rhode Island",0.9959,882,116,620,341,403,643,574,417,44,487,1356,149,9,90,218,166
"211","44007017900","Census Tract 179; Providence County; Rhode Island",0.9918,1350,341,567,431,233,483,616,867,148,116,1195,411,44,20,340,35
"212","44007018000","Census Tract 180; Providence County; Rhode Island",0.9673,907,108,601,540,110,606,355,678,86,240,1381,713,0,64,445,37
"213","44007018100","Census Tract 181; Providence County; Rhode Island",0.9633,1464,122,563,471,263,132,1016,690,161,182,1799,359,0,173,366,1
"214","44007018200","Census Tract 182; Providence County; Rhode Island",0.7061,816,137,343,386,196,257,816,514,76,17,1564,326,0,58,114,0
"215","44007018300","Census Tract 183; Providence County; Rhode Island",0.849,437,78,347,179,60,111,403,287,162,15,732,173,6,0,99,0
"216","44007018400","Census Tract 184; Providence County; Rhode Island",0.8082,2104,119,528,783,143,1281,1457,1236,212,347,2908,585,0,31,382,176
"217","44007018500","Census Tract 185; Providence County; Rhode Island",0.5388,261,51,396,301,74,576,430,536,9,74,683,23,0,4,61,153
"218","44009041500","Census Tract 415; Washington County; Rhode Island",0.5755,219,41,154,35,74,337,135,167,23,0,42,81,0,15,0,51
"219","44009050102","Census Tract 501.02; Washington County; Rhode Island",0.0449,141,13,115,74,10,669,409,166,45,25,84,97,0,0,28,19
"220","44009050103","Census Tract 501.03; Washington County; Rhode Island",0.6367,1124,189,762,108,117,1009,1065,594,342,154,1093,711,241,0,327,13
"221","44009050104","Census Tract 501.04; Washington County; Rhode Island",0.1388,161,35,261,69,76,915,782,320,40,137,743,28,0,2,27,81
"222","44009050301","Census Tract 503.01; Washington County; Rhode Island",0.102,243,100,242,101,54,887,807,504,21,2,384,13,28,18,103,158
"223","44009050302","Census Tract 503.02; Washington County; Rhode Island",0.3224,359,69,256,153,122,781,413,382,101,57,381,69,0,0,125,6
"224","44009050401","Census Tract 504.01; Washington County; Rhode Island",0.0041,86,64,142,90,33,845,1166,446,80,38,494,0,0,0,28,0
"225","44009050402","Census Tract 504.02; Washington County; Rhode Island",0.151,195,77,271,78,62,660,451,260,84,0,92,45,0,32,0,32
"226","44009050500","Census Tract 505; Washington County; Rhode Island",0.4163,899,312,500,485,49,1198,1212,791,125,0,782,18,166,10,13,489
"227","44009050600","Census Tract 506; Washington County; Rhode Island",0.0327,440,71,376,123,88,1134,1790,723,161,16,632,0,101,0,14,79
"228","44009050701","Census Tract 507.01; Washington County; Rhode Island",0.2327,649,124,512,300,26,843,856,685,95,0,346,159,0,0,15,4
"229","44009050702","Census Tract 507.02; Washington County; Rhode Island",0.2571,460,169,287,128,138,641,689,569,126,0,221,0,20,64,46,6
"230","44009050801","Census Tract 508.01; Washington County; Rhode Island",0.751,1182,284,1316,434,305,967,884,820,154,188,813,550,0,17,381,138
"231","44009050802","Census Tract 508.02; Washington County; Rhode Island",0.3347,240,84,486,257,118,953,526,372,68,65,369,91,0,23,44,62
"232","44009050901","Census Tract 509.01; Washington County; Rhode Island",0.4041,714,252,511,395,205,1765,909,584,161,108,747,341,15,0,223,30
"233","44009050902","Census Tract 509.02; Washington County; Rhode Island",0.1673,597,259,329,86,21,1405,870,670,125,7,198,0,0,25,70,70
"234","44009051000","Census Tract 510; Washington County; Rhode Island",0.1061,227,78,222,81,14,794,210,138,18,15,72,82,0,0,22,35
"235","44009051101","Census Tract 511.01; Washington County; Rhode Island",0.1102,457,184,234,287,60,1109,659,432,18,43,250,27,80,0,14,71
"236","44009051102","Census Tract 511.02; Washington County; Rhode Island",0.2816,336,61,353,124,188,983,407,347,93,29,263,30,0,7,50,12
"237","44009051201","Census Tract 512.01; Washington County; Rhode Island",0.2082,924,144,413,133,112,865,941,468,121,28,730,93,0,0,133,94
"238","44009051202","Census Tract 512.02; Washington County; Rhode Island",0.6122,806,254,590,351,112,1142,852,505,47,29,563,356,12,76,212,7
"239","44009051302","Census Tract 513.02; Washington County; Rhode Island",0.1224,278,137,252,224,62,1581,459,706,27,3,181,0,225,0,47,7
"240","44009051304","Census Tract 513.04; Washington County; Rhode Island",0.0367,113,25,165,67,16,874,220,232,10,0,97,0,90,0,7,7
"241","44009051305","Census Tract 513.05; Washington County; Rhode Island",0.5673,504,171,423,84,149,1333,717,592,89,8,385,293,16,18,134,114
"242","44009051306","Census Tract 513.06; Washington County; Rhode Island",0.2939,822,318,397,53,154,1230,1409,490,115,73,854,161,0,0,28,118
"243","44009051400","Census Tract 514; Washington County; Rhode Island",0.3184,98,208,28,26,46,49,63,314,0,86,1230,18,0,0,11,5073
"244","44009051502","Census Tract 515.02; Washington County; Rhode Island",0.049,919,156,447,128,125,1223,1131,440,284,25,445,93,0,0,69,0
"245","44009051503","Census Tract 515.03; Washington County; Rhode Island",0.5143,693,176,500,97,66,985,257,415,11,4,336,343,22,0,97,98
"246","44009051504","Census Tract 515.04; Washington County; Rhode Island",0.2531,1930,116,769,90,173,1282,228,460,10,0,237,9,105,16,0,14
